This is pdfTeX, Version 3.14159265-2.6-1.40.21 (TeX Live 2020) (preloaded format=pdflatex 2020.4.7)  31 OCT 2024 07:57
entering extended mode
 restricted \write18 enabled.
 %&-line parsing enabled.
**STAT380_Classification_TreeBasedMethod.tex
(./STAT380_Classification_TreeBasedMethod.tex
LaTeX2e <2020-02-02> patch level 5
L3 programming layer <2020-03-06>
(/usr/local/texlive/2020/texmf-dist/tex/latex/beamer/beamer.cls
Document Class: beamer 2019/09/29 v3.57 A class for typesetting presentations
(/usr/local/texlive/2020/texmf-dist/tex/latex/beamer/beamerbasemodes.sty
(/usr/local/texlive/2020/texmf-dist/tex/latex/etoolbox/etoolbox.sty
Package: etoolbox 2019/09/21 v2.5h e-TeX tools for LaTeX (JAW)
\etb@tempcnta=\count167
)
\beamer@tempbox=\box45
\beamer@tempcount=\count168
\c@beamerpauses=\count169

(/usr/local/texlive/2020/texmf-dist/tex/latex/beamer/beamerbasedecode.sty
\beamer@slideinframe=\count170
\beamer@minimum=\count171
\beamer@decode@box=\box46
)
\beamer@commentbox=\box47
\beamer@modecount=\count172
)
(/usr/local/texlive/2020/texmf-dist/tex/generic/iftex/ifpdf.sty
Package: ifpdf 2019/10/25 v3.4 ifpdf legacy package. Use iftex instead.

(/usr/local/texlive/2020/texmf-dist/tex/generic/iftex/iftex.sty
Package: iftex 2020/03/06 v1.0d TeX engine tests
))
\headdp=\dimen134
\footheight=\dimen135
\sidebarheight=\dimen136
\beamer@tempdim=\dimen137
\beamer@finalheight=\dimen138
\beamer@animht=\dimen139
\beamer@animdp=\dimen140
\beamer@animwd=\dimen141
\beamer@leftmargin=\dimen142
\beamer@rightmargin=\dimen143
\beamer@leftsidebar=\dimen144
\beamer@rightsidebar=\dimen145
\beamer@boxsize=\dimen146
\beamer@vboxoffset=\dimen147
\beamer@descdefault=\dimen148
\beamer@descriptionwidth=\dimen149
\beamer@lastskip=\skip47
\beamer@areabox=\box48
\beamer@animcurrent=\box49
\beamer@animshowbox=\box50
\beamer@sectionbox=\box51
\beamer@logobox=\box52
\beamer@linebox=\box53
\beamer@sectioncount=\count173
\beamer@subsubsectionmax=\count174
\beamer@subsectionmax=\count175
\beamer@sectionmax=\count176
\beamer@totalheads=\count177
\beamer@headcounter=\count178
\beamer@partstartpage=\count179
\beamer@sectionstartpage=\count180
\beamer@subsectionstartpage=\count181
\beamer@animationtempa=\count182
\beamer@animationtempb=\count183
\beamer@xpos=\count184
\beamer@ypos=\count185
\beamer@ypos@offset=\count186
\beamer@showpartnumber=\count187
\beamer@currentsubsection=\count188
\beamer@coveringdepth=\count189
\beamer@sectionadjust=\count190
\beamer@tocsectionnumber=\count191

(/usr/local/texlive/2020/texmf-dist/tex/latex/beamer/beamerbaseoptions.sty
(/usr/local/texlive/2020/texmf-dist/tex/latex/graphics/keyval.sty
Package: keyval 2014/10/28 v1.15 key=value parser (DPC)
\KV@toks@=\toks15
))
\beamer@paperwidth=\skip48
\beamer@paperheight=\skip49

(/usr/local/texlive/2020/texmf-dist/tex/latex/geometry/geometry.sty
Package: geometry 2020/01/02 v5.9 Page Geometry

(/usr/local/texlive/2020/texmf-dist/tex/generic/iftex/ifvtex.sty
Package: ifvtex 2019/10/25 v1.7 ifvtex legacy package. Use iftex instead.
)
\Gm@cnth=\count192
\Gm@cntv=\count193
\c@Gm@tempcnt=\count194
\Gm@bindingoffset=\dimen150
\Gm@wd@mp=\dimen151
\Gm@odd@mp=\dimen152
\Gm@even@mp=\dimen153
\Gm@layoutwidth=\dimen154
\Gm@layoutheight=\dimen155
\Gm@layouthoffset=\dimen156
\Gm@layoutvoffset=\dimen157
\Gm@dimlist=\toks16
)
(/usr/local/texlive/2020/texmf-dist/tex/latex/base/size11.clo
File: size11.clo 2019/12/20 v1.4l Standard LaTeX file (size option)
)
(/usr/local/texlive/2020/texmf-dist/tex/latex/pgf/basiclayer/pgfcore.sty
(/usr/local/texlive/2020/texmf-dist/tex/latex/graphics/graphicx.sty
Package: graphicx 2019/11/30 v1.2a Enhanced LaTeX Graphics (DPC,SPQR)

(/usr/local/texlive/2020/texmf-dist/tex/latex/graphics/graphics.sty
Package: graphics 2019/11/30 v1.4a Standard LaTeX Graphics (DPC,SPQR)

(/usr/local/texlive/2020/texmf-dist/tex/latex/graphics/trig.sty
Package: trig 2016/01/03 v1.10 sin cos tan (DPC)
)
(/usr/local/texlive/2020/texmf-dist/tex/latex/graphics-cfg/graphics.cfg
File: graphics.cfg 2016/06/04 v1.11 sample graphics configuration
)
Package graphics Info: Driver file: pdftex.def on input line 105.

(/usr/local/texlive/2020/texmf-dist/tex/latex/graphics-def/pdftex.def
File: pdftex.def 2018/01/08 v1.0l Graphics/color driver for pdftex
))
\Gin@req@height=\dimen158
\Gin@req@width=\dimen159
)
(/usr/local/texlive/2020/texmf-dist/tex/latex/pgf/systemlayer/pgfsys.sty
(/usr/local/texlive/2020/texmf-dist/tex/latex/pgf/utilities/pgfrcs.sty
(/usr/local/texlive/2020/texmf-dist/tex/generic/pgf/utilities/pgfutil-common.te
x
\pgfutil@everybye=\toks17
\pgfutil@tempdima=\dimen160
\pgfutil@tempdimb=\dimen161

(/usr/local/texlive/2020/texmf-dist/tex/generic/pgf/utilities/pgfutil-common-li
sts.tex))
(/usr/local/texlive/2020/texmf-dist/tex/generic/pgf/utilities/pgfutil-latex.def
\pgfutil@abb=\box54
(/usr/local/texlive/2020/texmf-dist/tex/latex/ms/everyshi.sty
Package: everyshi 2001/05/15 v3.00 EveryShipout Package (MS)
))
(/usr/local/texlive/2020/texmf-dist/tex/generic/pgf/utilities/pgfrcs.code.tex
(/usr/local/texlive/2020/texmf-dist/tex/generic/pgf/pgf.revision.tex)
Package: pgfrcs 2020/01/08 v3.1.5b (3.1.5b)
))
(/usr/local/texlive/2020/texmf-dist/tex/generic/pgf/systemlayer/pgfsys.code.tex
Package: pgfsys 2020/01/08 v3.1.5b (3.1.5b)
(/usr/local/texlive/2020/texmf-dist/tex/generic/pgf/utilities/pgfkeys.code.tex
\pgfkeys@pathtoks=\toks18
\pgfkeys@temptoks=\toks19

(/usr/local/texlive/2020/texmf-dist/tex/generic/pgf/utilities/pgfkeysfiltered.c
ode.tex
\pgfkeys@tmptoks=\toks20
))
\pgf@x=\dimen162
\pgf@y=\dimen163
\pgf@xa=\dimen164
\pgf@ya=\dimen165
\pgf@xb=\dimen166
\pgf@yb=\dimen167
\pgf@xc=\dimen168
\pgf@yc=\dimen169
\pgf@xd=\dimen170
\pgf@yd=\dimen171
\w@pgf@writea=\write3
\r@pgf@reada=\read2
\c@pgf@counta=\count195
\c@pgf@countb=\count196
\c@pgf@countc=\count197
\c@pgf@countd=\count198
\t@pgf@toka=\toks21
\t@pgf@tokb=\toks22
\t@pgf@tokc=\toks23
\pgf@sys@id@count=\count199

(/usr/local/texlive/2020/texmf-dist/tex/generic/pgf/systemlayer/pgf.cfg
File: pgf.cfg 2020/01/08 v3.1.5b (3.1.5b)
)
Driver file for pgf: pgfsys-pdftex.def

(/usr/local/texlive/2020/texmf-dist/tex/generic/pgf/systemlayer/pgfsys-pdftex.d
ef
File: pgfsys-pdftex.def 2020/01/08 v3.1.5b (3.1.5b)

(/usr/local/texlive/2020/texmf-dist/tex/generic/pgf/systemlayer/pgfsys-common-p
df.def
File: pgfsys-common-pdf.def 2020/01/08 v3.1.5b (3.1.5b)
)))
(/usr/local/texlive/2020/texmf-dist/tex/generic/pgf/systemlayer/pgfsyssoftpath.
code.tex
File: pgfsyssoftpath.code.tex 2020/01/08 v3.1.5b (3.1.5b)
\pgfsyssoftpath@smallbuffer@items=\count266
\pgfsyssoftpath@bigbuffer@items=\count267
)
(/usr/local/texlive/2020/texmf-dist/tex/generic/pgf/systemlayer/pgfsysprotocol.
code.tex
File: pgfsysprotocol.code.tex 2020/01/08 v3.1.5b (3.1.5b)
)) (/usr/local/texlive/2020/texmf-dist/tex/latex/xcolor/xcolor.sty
Package: xcolor 2016/05/11 v2.12 LaTeX color extensions (UK)

(/usr/local/texlive/2020/texmf-dist/tex/latex/graphics-cfg/color.cfg
File: color.cfg 2016/01/02 v1.6 sample color configuration
)
Package xcolor Info: Driver file: pdftex.def on input line 225.
Package xcolor Info: Model `cmy' substituted by `cmy0' on input line 1348.
Package xcolor Info: Model `hsb' substituted by `rgb' on input line 1352.
Package xcolor Info: Model `RGB' extended on input line 1364.
Package xcolor Info: Model `HTML' substituted by `rgb' on input line 1366.
Package xcolor Info: Model `Hsb' substituted by `hsb' on input line 1367.
Package xcolor Info: Model `tHsb' substituted by `hsb' on input line 1368.
Package xcolor Info: Model `HSB' substituted by `hsb' on input line 1369.
Package xcolor Info: Model `Gray' substituted by `gray' on input line 1370.
Package xcolor Info: Model `wave' substituted by `hsb' on input line 1371.
)
(/usr/local/texlive/2020/texmf-dist/tex/generic/pgf/basiclayer/pgfcore.code.tex
Package: pgfcore 2020/01/08 v3.1.5b (3.1.5b)
(/usr/local/texlive/2020/texmf-dist/tex/generic/pgf/math/pgfmath.code.tex
(/usr/local/texlive/2020/texmf-dist/tex/generic/pgf/math/pgfmathcalc.code.tex
(/usr/local/texlive/2020/texmf-dist/tex/generic/pgf/math/pgfmathutil.code.tex)
(/usr/local/texlive/2020/texmf-dist/tex/generic/pgf/math/pgfmathparser.code.tex
\pgfmath@dimen=\dimen172
\pgfmath@count=\count268
\pgfmath@box=\box55
\pgfmath@toks=\toks24
\pgfmath@stack@operand=\toks25
\pgfmath@stack@operation=\toks26
)
(/usr/local/texlive/2020/texmf-dist/tex/generic/pgf/math/pgfmathfunctions.code.
tex
(/usr/local/texlive/2020/texmf-dist/tex/generic/pgf/math/pgfmathfunctions.basic
.code.tex)
(/usr/local/texlive/2020/texmf-dist/tex/generic/pgf/math/pgfmathfunctions.trigo
nometric.code.tex)
(/usr/local/texlive/2020/texmf-dist/tex/generic/pgf/math/pgfmathfunctions.rando
m.code.tex)
(/usr/local/texlive/2020/texmf-dist/tex/generic/pgf/math/pgfmathfunctions.compa
rison.code.tex)
(/usr/local/texlive/2020/texmf-dist/tex/generic/pgf/math/pgfmathfunctions.base.
code.tex)
(/usr/local/texlive/2020/texmf-dist/tex/generic/pgf/math/pgfmathfunctions.round
.code.tex)
(/usr/local/texlive/2020/texmf-dist/tex/generic/pgf/math/pgfmathfunctions.misc.
code.tex)
(/usr/local/texlive/2020/texmf-dist/tex/generic/pgf/math/pgfmathfunctions.integ
erarithmetics.code.tex)))
(/usr/local/texlive/2020/texmf-dist/tex/generic/pgf/math/pgfmathfloat.code.tex
\c@pgfmathroundto@lastzeros=\count269
)) (/usr/local/texlive/2020/texmf-dist/tex/generic/pgf/math/pgfint.code.tex)
(/usr/local/texlive/2020/texmf-dist/tex/generic/pgf/basiclayer/pgfcorepoints.co
de.tex
File: pgfcorepoints.code.tex 2020/01/08 v3.1.5b (3.1.5b)
\pgf@picminx=\dimen173
\pgf@picmaxx=\dimen174
\pgf@picminy=\dimen175
\pgf@picmaxy=\dimen176
\pgf@pathminx=\dimen177
\pgf@pathmaxx=\dimen178
\pgf@pathminy=\dimen179
\pgf@pathmaxy=\dimen180
\pgf@xx=\dimen181
\pgf@xy=\dimen182
\pgf@yx=\dimen183
\pgf@yy=\dimen184
\pgf@zx=\dimen185
\pgf@zy=\dimen186
)
(/usr/local/texlive/2020/texmf-dist/tex/generic/pgf/basiclayer/pgfcorepathconst
ruct.code.tex
File: pgfcorepathconstruct.code.tex 2020/01/08 v3.1.5b (3.1.5b)
\pgf@path@lastx=\dimen187
\pgf@path@lasty=\dimen188
)
(/usr/local/texlive/2020/texmf-dist/tex/generic/pgf/basiclayer/pgfcorepathusage
.code.tex
File: pgfcorepathusage.code.tex 2020/01/08 v3.1.5b (3.1.5b)
\pgf@shorten@end@additional=\dimen189
\pgf@shorten@start@additional=\dimen190
)
(/usr/local/texlive/2020/texmf-dist/tex/generic/pgf/basiclayer/pgfcorescopes.co
de.tex
File: pgfcorescopes.code.tex 2020/01/08 v3.1.5b (3.1.5b)
\pgfpic=\box56
\pgf@hbox=\box57
\pgf@layerbox@main=\box58
\pgf@picture@serial@count=\count270
)
(/usr/local/texlive/2020/texmf-dist/tex/generic/pgf/basiclayer/pgfcoregraphicst
ate.code.tex
File: pgfcoregraphicstate.code.tex 2020/01/08 v3.1.5b (3.1.5b)
\pgflinewidth=\dimen191
)
(/usr/local/texlive/2020/texmf-dist/tex/generic/pgf/basiclayer/pgfcoretransform
ations.code.tex
File: pgfcoretransformations.code.tex 2020/01/08 v3.1.5b (3.1.5b)
\pgf@pt@x=\dimen192
\pgf@pt@y=\dimen193
\pgf@pt@temp=\dimen194
)
(/usr/local/texlive/2020/texmf-dist/tex/generic/pgf/basiclayer/pgfcorequick.cod
e.tex
File: pgfcorequick.code.tex 2020/01/08 v3.1.5b (3.1.5b)
)
(/usr/local/texlive/2020/texmf-dist/tex/generic/pgf/basiclayer/pgfcoreobjects.c
ode.tex
File: pgfcoreobjects.code.tex 2020/01/08 v3.1.5b (3.1.5b)
)
(/usr/local/texlive/2020/texmf-dist/tex/generic/pgf/basiclayer/pgfcorepathproce
ssing.code.tex
File: pgfcorepathprocessing.code.tex 2020/01/08 v3.1.5b (3.1.5b)
)
(/usr/local/texlive/2020/texmf-dist/tex/generic/pgf/basiclayer/pgfcorearrows.co
de.tex
File: pgfcorearrows.code.tex 2020/01/08 v3.1.5b (3.1.5b)
\pgfarrowsep=\dimen195
)
(/usr/local/texlive/2020/texmf-dist/tex/generic/pgf/basiclayer/pgfcoreshade.cod
e.tex
File: pgfcoreshade.code.tex 2020/01/08 v3.1.5b (3.1.5b)
\pgf@max=\dimen196
\pgf@sys@shading@range@num=\count271
\pgf@shadingcount=\count272
)
(/usr/local/texlive/2020/texmf-dist/tex/generic/pgf/basiclayer/pgfcoreimage.cod
e.tex
File: pgfcoreimage.code.tex 2020/01/08 v3.1.5b (3.1.5b)

(/usr/local/texlive/2020/texmf-dist/tex/generic/pgf/basiclayer/pgfcoreexternal.
code.tex
File: pgfcoreexternal.code.tex 2020/01/08 v3.1.5b (3.1.5b)
\pgfexternal@startupbox=\box59
))
(/usr/local/texlive/2020/texmf-dist/tex/generic/pgf/basiclayer/pgfcorelayers.co
de.tex
File: pgfcorelayers.code.tex 2020/01/08 v3.1.5b (3.1.5b)
)
(/usr/local/texlive/2020/texmf-dist/tex/generic/pgf/basiclayer/pgfcoretranspare
ncy.code.tex
File: pgfcoretransparency.code.tex 2020/01/08 v3.1.5b (3.1.5b)
)
(/usr/local/texlive/2020/texmf-dist/tex/generic/pgf/basiclayer/pgfcorepatterns.
code.tex
File: pgfcorepatterns.code.tex 2020/01/08 v3.1.5b (3.1.5b)
)
(/usr/local/texlive/2020/texmf-dist/tex/generic/pgf/basiclayer/pgfcorerdf.code.
tex
File: pgfcorerdf.code.tex 2020/01/08 v3.1.5b (3.1.5b)
))) (/usr/local/texlive/2020/texmf-dist/tex/latex/pgf/utilities/xxcolor.sty
Package: xxcolor 2003/10/24 ver 0.1
\XC@nummixins=\count273
\XC@countmixins=\count274
) (/usr/local/texlive/2020/texmf-dist/tex/generic/atbegshi/atbegshi.sty
Package: atbegshi 2019/12/05 v1.19 At begin shipout hook (HO)

(/usr/local/texlive/2020/texmf-dist/tex/generic/infwarerr/infwarerr.sty
Package: infwarerr 2019/12/03 v1.5 Providing info/warning/error messages (HO)
)
(/usr/local/texlive/2020/texmf-dist/tex/generic/ltxcmds/ltxcmds.sty
Package: ltxcmds 2019/12/15 v1.24 LaTeX kernel commands for general use (HO)
))
(/usr/local/texlive/2020/texmf-dist/tex/latex/hyperref/hyperref.sty
Package: hyperref 2020/01/14 v7.00d Hypertext links for LaTeX

(/usr/local/texlive/2020/texmf-dist/tex/latex/pdftexcmds/pdftexcmds.sty
Package: pdftexcmds 2019/11/24 v0.31 Utility functions of pdfTeX for LuaTeX (HO
)
Package pdftexcmds Info: \pdf@primitive is available.
Package pdftexcmds Info: \pdf@ifprimitive is available.
Package pdftexcmds Info: \pdfdraftmode found.
)
(/usr/local/texlive/2020/texmf-dist/tex/generic/kvsetkeys/kvsetkeys.sty
Package: kvsetkeys 2019/12/15 v1.18 Key value parser (HO)
)
(/usr/local/texlive/2020/texmf-dist/tex/generic/kvdefinekeys/kvdefinekeys.sty
Package: kvdefinekeys 2019-12-19 v1.6 Define keys (HO)
)
(/usr/local/texlive/2020/texmf-dist/tex/generic/pdfescape/pdfescape.sty
Package: pdfescape 2019/12/09 v1.15 Implements pdfTeX's escape features (HO)
)
(/usr/local/texlive/2020/texmf-dist/tex/latex/hycolor/hycolor.sty
Package: hycolor 2020-01-27 v1.10 Color options for hyperref/bookmark (HO)
)
(/usr/local/texlive/2020/texmf-dist/tex/latex/letltxmacro/letltxmacro.sty
Package: letltxmacro 2019/12/03 v1.6 Let assignment for LaTeX macros (HO)
)
(/usr/local/texlive/2020/texmf-dist/tex/latex/auxhook/auxhook.sty
Package: auxhook 2019-12-17 v1.6 Hooks for auxiliary files (HO)
)
(/usr/local/texlive/2020/texmf-dist/tex/latex/kvoptions/kvoptions.sty
Package: kvoptions 2019/11/29 v3.13 Key value format for package options (HO)
)
\@linkdim=\dimen197
\Hy@linkcounter=\count275
\Hy@pagecounter=\count276

(/usr/local/texlive/2020/texmf-dist/tex/latex/hyperref/pd1enc.def
File: pd1enc.def 2020/01/14 v7.00d Hyperref: PDFDocEncoding definition (HO)
Now handling font encoding PD1 ...
... no UTF-8 mapping file for font encoding PD1
)
(/usr/local/texlive/2020/texmf-dist/tex/generic/intcalc/intcalc.sty
Package: intcalc 2019/12/15 v1.3 Expandable calculations with integers (HO)
)
(/usr/local/texlive/2020/texmf-dist/tex/generic/etexcmds/etexcmds.sty
Package: etexcmds 2019/12/15 v1.7 Avoid name clashes with e-TeX commands (HO)
)
\Hy@SavedSpaceFactor=\count277
Package hyperref Info: Option `bookmarks' set `true' on input line 4421.
Package hyperref Info: Option `bookmarksopen' set `true' on input line 4421.
Package hyperref Info: Option `implicit' set `false' on input line 4421.
Package hyperref Info: Hyper figures OFF on input line 4547.
Package hyperref Info: Link nesting OFF on input line 4552.
Package hyperref Info: Hyper index ON on input line 4555.
Package hyperref Info: Plain pages OFF on input line 4562.
Package hyperref Info: Backreferencing OFF on input line 4567.
Package hyperref Info: Implicit mode OFF; no redefinition of LaTeX internals.
Package hyperref Info: Bookmarks ON on input line 4800.
\c@Hy@tempcnt=\count278

(/usr/local/texlive/2020/texmf-dist/tex/latex/url/url.sty
\Urlmuskip=\muskip16
Package: url 2013/09/16  ver 3.4  Verb mode for urls, etc.
)
LaTeX Info: Redefining \url on input line 5159.
\XeTeXLinkMargin=\dimen198

(/usr/local/texlive/2020/texmf-dist/tex/generic/bitset/bitset.sty
Package: bitset 2019/12/09 v1.3 Handle bit-vector datatype (HO)

(/usr/local/texlive/2020/texmf-dist/tex/generic/bigintcalc/bigintcalc.sty
Package: bigintcalc 2019/12/15 v1.5 Expandable calculations on big integers (HO
)
))
\Fld@menulength=\count279
\Field@Width=\dimen199
\Fld@charsize=\dimen256
Package hyperref Info: Hyper figures OFF on input line 6430.
Package hyperref Info: Link nesting OFF on input line 6435.
Package hyperref Info: Hyper index ON on input line 6438.
Package hyperref Info: backreferencing OFF on input line 6445.
Package hyperref Info: Link coloring OFF on input line 6450.
Package hyperref Info: Link coloring with OCG OFF on input line 6455.
Package hyperref Info: PDF/A mode OFF on input line 6460.
LaTeX Info: Redefining \ref on input line 6500.
LaTeX Info: Redefining \pageref on input line 6504.
\Hy@abspage=\count280


Package hyperref Message: Stopped early.

)
Package hyperref Info: Driver (autodetected): hpdftex.
 (/usr/local/texlive/2020/texmf-dist/tex/latex/hyperref/hpdftex.def
File: hpdftex.def 2020/01/14 v7.00d Hyperref driver for pdfTeX

(/usr/local/texlive/2020/texmf-dist/tex/latex/atveryend/atveryend.sty
Package: atveryend 2019-12-11 v1.11 Hooks at the very end of document (HO)
)
\Fld@listcount=\count281
\c@bookmark@seq@number=\count282

(/usr/local/texlive/2020/texmf-dist/tex/latex/rerunfilecheck/rerunfilecheck.sty
Package: rerunfilecheck 2019/12/05 v1.9 Rerun checks for auxiliary files (HO)

(/usr/local/texlive/2020/texmf-dist/tex/generic/uniquecounter/uniquecounter.sty
Package: uniquecounter 2019/12/15 v1.4 Provide unlimited unique counter (HO)
)
Package uniquecounter Info: New unique counter `rerunfilecheck' on input line 2
86.
)) (/usr/local/texlive/2020/texmf-dist/tex/latex/beamer/beamerbaserequires.sty
(/usr/local/texlive/2020/texmf-dist/tex/latex/beamer/beamerbasecompatibility.st
y) (/usr/local/texlive/2020/texmf-dist/tex/latex/beamer/beamerbasefont.sty
(/usr/local/texlive/2020/texmf-dist/tex/latex/amsfonts/amssymb.sty
Package: amssymb 2013/01/14 v3.01 AMS font symbols

(/usr/local/texlive/2020/texmf-dist/tex/latex/amsfonts/amsfonts.sty
Package: amsfonts 2013/01/14 v3.01 Basic AMSFonts support
\@emptytoks=\toks27
\symAMSa=\mathgroup4
\symAMSb=\mathgroup5
LaTeX Font Info:    Redeclaring math symbol \hbar on input line 98.
LaTeX Font Info:    Overwriting math alphabet `\mathfrak' in version `bold'
(Font)                  U/euf/m/n --> U/euf/b/n on input line 106.
))
(/usr/local/texlive/2020/texmf-dist/tex/latex/sansmathaccent/sansmathaccent.sty
Package: sansmathaccent 2020/01/31
(/usr/local/texlive/2020/texmf-dist/tex/latex/koma-script/scrlfile.sty
Package: scrlfile 2020/01/24 v3.29 KOMA-Script package (loading files)
)))
(/usr/local/texlive/2020/texmf-dist/tex/latex/beamer/beamerbasetranslator.sty
(/usr/local/texlive/2020/texmf-dist/tex/latex/translator/translator.sty
Package: translator 2019-05-31 v1.12a Easy translation of strings in LaTeX
))
(/usr/local/texlive/2020/texmf-dist/tex/latex/beamer/beamerbasemisc.sty)
(/usr/local/texlive/2020/texmf-dist/tex/latex/beamer/beamerbasetwoscreens.sty)
(/usr/local/texlive/2020/texmf-dist/tex/latex/beamer/beamerbaseoverlay.sty
\beamer@argscount=\count283
\beamer@lastskipcover=\skip50
\beamer@trivlistdepth=\count284
)
(/usr/local/texlive/2020/texmf-dist/tex/latex/beamer/beamerbasetitle.sty)
(/usr/local/texlive/2020/texmf-dist/tex/latex/beamer/beamerbasesection.sty
\c@lecture=\count285
\c@part=\count286
\c@section=\count287
\c@subsection=\count288
\c@subsubsection=\count289
)
(/usr/local/texlive/2020/texmf-dist/tex/latex/beamer/beamerbaseframe.sty
\beamer@framebox=\box60
\beamer@frametitlebox=\box61
\beamer@zoombox=\box62
\beamer@zoomcount=\count290
\beamer@zoomframecount=\count291
\beamer@frametextheight=\dimen257
\c@subsectionslide=\count292
\beamer@frametopskip=\skip51
\beamer@framebottomskip=\skip52
\beamer@frametopskipautobreak=\skip53
\beamer@framebottomskipautobreak=\skip54
\beamer@envbody=\toks28
\framewidth=\dimen258
\c@framenumber=\count293
)
(/usr/local/texlive/2020/texmf-dist/tex/latex/beamer/beamerbaseverbatim.sty
\beamer@verbatimfileout=\write4
)
(/usr/local/texlive/2020/texmf-dist/tex/latex/beamer/beamerbaseframesize.sty
\beamer@splitbox=\box63
\beamer@autobreakcount=\count294
\beamer@autobreaklastheight=\dimen259
\beamer@frametitletoks=\toks29
\beamer@framesubtitletoks=\toks30
)
(/usr/local/texlive/2020/texmf-dist/tex/latex/beamer/beamerbaseframecomponents.
sty
\beamer@footins=\box64
) (/usr/local/texlive/2020/texmf-dist/tex/latex/beamer/beamerbasecolor.sty)
(/usr/local/texlive/2020/texmf-dist/tex/latex/beamer/beamerbasenotes.sty
\beamer@frameboxcopy=\box65
)
(/usr/local/texlive/2020/texmf-dist/tex/latex/beamer/beamerbasetoc.sty)
(/usr/local/texlive/2020/texmf-dist/tex/latex/beamer/beamerbasetemplates.sty
\beamer@sbttoks=\toks31

(/usr/local/texlive/2020/texmf-dist/tex/latex/beamer/beamerbaseauxtemplates.sty
(/usr/local/texlive/2020/texmf-dist/tex/latex/beamer/beamerbaseboxes.sty
\bmb@box=\box66
\bmb@colorbox=\box67
\bmb@boxshadow=\box68
\bmb@boxshadowball=\box69
\bmb@boxshadowballlarge=\box70
\bmb@temp=\dimen260
\bmb@dima=\dimen261
\bmb@dimb=\dimen262
\bmb@prevheight=\dimen263
)
\beamer@blockheadheight=\dimen264
))
(/usr/local/texlive/2020/texmf-dist/tex/latex/beamer/beamerbaselocalstructure.s
ty (/usr/local/texlive/2020/texmf-dist/tex/latex/tools/enumerate.sty
Package: enumerate 2015/07/23 v3.00 enumerate extensions (DPC)
\@enLab=\toks32
)
\c@figure=\count295
\c@table=\count296
\abovecaptionskip=\skip55
\belowcaptionskip=\skip56
)
(/usr/local/texlive/2020/texmf-dist/tex/latex/beamer/beamerbasenavigation.sty
\beamer@section@min@dim=\dimen265
)
(/usr/local/texlive/2020/texmf-dist/tex/latex/beamer/beamerbasetheorems.sty
(/usr/local/texlive/2020/texmf-dist/tex/latex/amsmath/amsmath.sty
Package: amsmath 2020/01/20 v2.17e AMS math features
\@mathmargin=\skip57

For additional information on amsmath, use the `?' option.
(/usr/local/texlive/2020/texmf-dist/tex/latex/amsmath/amstext.sty
Package: amstext 2000/06/29 v2.01 AMS text

(/usr/local/texlive/2020/texmf-dist/tex/latex/amsmath/amsgen.sty
File: amsgen.sty 1999/11/30 v2.0 generic functions
\@emptytoks=\toks33
\ex@=\dimen266
))
(/usr/local/texlive/2020/texmf-dist/tex/latex/amsmath/amsbsy.sty
Package: amsbsy 1999/11/29 v1.2d Bold Symbols
\pmbraise@=\dimen267
)
(/usr/local/texlive/2020/texmf-dist/tex/latex/amsmath/amsopn.sty
Package: amsopn 2016/03/08 v2.02 operator names
)
\inf@bad=\count297
LaTeX Info: Redefining \frac on input line 227.
\uproot@=\count298
\leftroot@=\count299
LaTeX Info: Redefining \overline on input line 389.
\classnum@=\count300
\DOTSCASE@=\count301
LaTeX Info: Redefining \ldots on input line 486.
LaTeX Info: Redefining \dots on input line 489.
LaTeX Info: Redefining \cdots on input line 610.
\Mathstrutbox@=\box71
\strutbox@=\box72
\big@size=\dimen268
LaTeX Font Info:    Redeclaring font encoding OML on input line 733.
LaTeX Font Info:    Redeclaring font encoding OMS on input line 734.
\macc@depth=\count302
\c@MaxMatrixCols=\count303
\dotsspace@=\muskip17
\c@parentequation=\count304
\dspbrk@lvl=\count305
\tag@help=\toks34
\row@=\count306
\column@=\count307
\maxfields@=\count308
\andhelp@=\toks35
\eqnshift@=\dimen269
\alignsep@=\dimen270
\tagshift@=\dimen271
\tagwidth@=\dimen272
\totwidth@=\dimen273
\lineht@=\dimen274
\@envbody=\toks36
\multlinegap=\skip58
\multlinetaggap=\skip59
\mathdisplay@stack=\toks37
LaTeX Info: Redefining \[ on input line 2859.
LaTeX Info: Redefining \] on input line 2860.
)
(/usr/local/texlive/2020/texmf-dist/tex/latex/amscls/amsthm.sty
Package: amsthm 2017/10/31 v2.20.4
\thm@style=\toks38
\thm@bodyfont=\toks39
\thm@headfont=\toks40
\thm@notefont=\toks41
\thm@headpunct=\toks42
\thm@preskip=\skip60
\thm@postskip=\skip61
\thm@headsep=\skip62
\dth@everypar=\toks43
)
\c@theorem=\count309
)
(/usr/local/texlive/2020/texmf-dist/tex/latex/beamer/beamerbasethemes.sty))
(/usr/local/texlive/2020/texmf-dist/tex/latex/beamer/beamerthemedefault.sty
(/usr/local/texlive/2020/texmf-dist/tex/latex/beamer/beamerfontthemedefault.sty
)
(/usr/local/texlive/2020/texmf-dist/tex/latex/beamer/beamercolorthemedefault.st
y)
(/usr/local/texlive/2020/texmf-dist/tex/latex/beamer/beamerinnerthemedefault.st
y
\beamer@dima=\dimen275
\beamer@dimb=\dimen276
)
(/usr/local/texlive/2020/texmf-dist/tex/latex/beamer/beamerouterthemedefault.st
y))) (/usr/local/texlive/2020/texmf-dist/tex/latex/beamer/beamerthemeWarsaw.sty

(/usr/local/texlive/2020/texmf-dist/tex/latex/beamer/beamerinnerthemerounded.st
y)
(/usr/local/texlive/2020/texmf-dist/tex/latex/beamer/beamerouterthemeshadow.sty
(/usr/local/texlive/2020/texmf-dist/tex/latex/beamer/beamerouterthemesplit.sty)
)
(/usr/local/texlive/2020/texmf-dist/tex/latex/beamer/beamercolorthemeorchid.sty
)
(/usr/local/texlive/2020/texmf-dist/tex/latex/beamer/beamercolorthemewhale.sty)
) (/usr/local/texlive/2020/texmf-dist/tex/latex/multirow/multirow.sty
Package: multirow 2019/05/31 v2.5 Span multiple rows of a table
\multirow@colwidth=\skip63
\multirow@cntb=\count310
\multirow@dima=\skip64
\bigstrutjot=\dimen277
)
(/usr/local/texlive/2020/texmf-dist/tex/generic/babel/babel.sty
Package: babel 2020/03/22 3.42 The Babel package

(/usr/local/texlive/2020/texmf-dist/tex/generic/babel/switch.def
File: switch.def 2020/03/22 3.42 Babel switching mechanism
)
(/usr/local/texlive/2020/texmf-dist/tex/generic/babel-english/english.ldf
Language: english 2017/06/06 v3.3r English support from the babel system

(/usr/local/texlive/2020/texmf-dist/tex/generic/babel/babel.def
File: babel.def 2020/03/22 3.42 Babel common definitions
\babel@savecnt=\count311
\U@D=\dimen278

(/usr/local/texlive/2020/texmf-dist/tex/generic/babel/txtbabel.def)
\bbl@readstream=\read3
LaTeX Info: Redefining \textlatin on input line 2435.
\bbl@dirlevel=\count312
)
Package babel Info: \l@canadian = using hyphenrules for english
(babel)             (\language0) on input line 102.
Package babel Info: \l@australian = using hyphenrules for ukenglish
(babel)             (\language21) on input line 105.
Package babel Info: \l@newzealand = using hyphenrules for ukenglish
(babel)             (\language21) on input line 108.
))
(/usr/local/texlive/2020/texmf-dist/tex/latex/base/inputenc.sty
Package: inputenc 2018/08/11 v1.3c Input encoding file
\inpenc@prehook=\toks44
\inpenc@posthook=\toks45

(/usr/local/texlive/2020/texmf-dist/tex/latex/base/latin1.def
File: latin1.def 2018/08/11 v1.3c Input encoding file
))
(/usr/local/texlive/2020/texmf-dist/tex/latex/psnfss/times.sty
Package: times 2005/04/12 PSNFSS-v9.2a (SPQR) 
)
(/usr/local/texlive/2020/texmf-dist/tex/latex/base/fontenc.sty
Package: fontenc 2020/02/11 v2.0o Standard LaTeX package
LaTeX Font Info:    Trying to load font information for T1+phv on input line 11
2.

(/usr/local/texlive/2020/texmf-dist/tex/latex/psnfss/t1phv.fd
File: t1phv.fd 2001/06/04 scalable font definitions for T1/phv.


LaTeX Warning: Font shape declaration has incorrect series value `mc'.
               It should not contain an `m'! Please correct it.
               Found on input line 20.


LaTeX Warning: Font shape declaration has incorrect series value `mc'.
               It should not contain an `m'! Please correct it.
               Found on input line 23.


LaTeX Warning: Font shape declaration has incorrect series value `mc'.
               It should not contain an `m'! Please correct it.
               Found on input line 26.


LaTeX Warning: Font shape declaration has incorrect series value `mc'.
               It should not contain an `m'! Please correct it.
               Found on input line 46.

)) (/usr/local/texlive/2020/texmf-dist/tex/latex/beamer/xmpmulti.sty
\@mpm@count=\count313
)
(/usr/local/texlive/2020/texmf-dist/tex/latex/tools/multicol.sty
Package: multicol 2019/12/09 v1.8y multicolumn formatting (FMi)
\c@tracingmulticols=\count314
\mult@box=\box73
\multicol@leftmargin=\dimen279
\c@unbalance=\count315
\c@collectmore=\count316
\doublecol@number=\count317
\multicoltolerance=\count318
\multicolpretolerance=\count319
\full@width=\dimen280
\page@free=\dimen281
\premulticols=\dimen282
\postmulticols=\dimen283
\multicolsep=\skip65
\multicolbaselineskip=\skip66
\partial@page=\box74
\last@line=\box75
\maxbalancingoverflow=\dimen284
\mult@rightbox=\box76
\mult@grightbox=\box77
\mult@gfirstbox=\box78
\mult@firstbox=\box79
\@tempa=\box80
\@tempa=\box81
\@tempa=\box82
\@tempa=\box83
\@tempa=\box84
\@tempa=\box85
\@tempa=\box86
\@tempa=\box87
\@tempa=\box88
\@tempa=\box89
\@tempa=\box90
\@tempa=\box91
\@tempa=\box92
\@tempa=\box93
\@tempa=\box94
\@tempa=\box95
\@tempa=\box96
\@tempa=\box97
\@tempa=\box98
\@tempa=\box99
\@tempa=\box100
\@tempa=\box101
\@tempa=\box102
\@tempa=\box103
\@tempa=\box104
\@tempa=\box105
\@tempa=\box106
\@tempa=\box107
\@tempa=\box108
\@tempa=\box109
\@tempa=\box110
\@tempa=\box111
\@tempa=\box112
\@tempa=\box113
\@tempa=\box114
\@tempa=\box115
\@tempa=\box116
\c@minrows=\count320
\c@columnbadness=\count321
\c@finalcolumnbadness=\count322
\last@try=\dimen285
\multicolovershoot=\dimen286
\multicolundershoot=\dimen287
\mult@nat@firstbox=\box117
\colbreak@box=\box118
\mc@col@check@num=\count323
)
(/usr/local/texlive/2020/texmf-dist/tex/latex/colortbl/colortbl.sty
Package: colortbl 2020/01/04 v1.0e Color table columns (DPC)

(/usr/local/texlive/2020/texmf-dist/tex/latex/tools/array.sty
Package: array 2019/08/31 v2.4l Tabular extension package (FMi)
\col@sep=\dimen288
\ar@mcellbox=\box119
\extrarowheight=\dimen289
\NC@list=\toks46
\extratabsurround=\skip67
\backup@length=\skip68
\ar@cellbox=\box120
)
\everycr=\toks47
\minrowclearance=\skip69
)
(/usr/local/texlive/2020/texmf-dist/tex/latex/natbib/natbib.sty
Package: natbib 2010/09/13 8.31b (PWD, AO)
\bibhang=\skip70
\bibsep=\skip71
LaTeX Info: Redefining \cite on input line 694.
\c@NAT@ctr=\count324
)
(/usr/local/texlive/2020/texmf-dist/tex/latex/epstopdf-pkg/epstopdf.sty
Package: epstopdf 2020-01-24 v2.11 Conversion with epstopdf on the fly (HO)

(/usr/local/texlive/2020/texmf-dist/tex/latex/grfext/grfext.sty
Package: grfext 2019/12/03 v1.3 Manage graphics extensions (HO)
)
(/usr/local/texlive/2020/texmf-dist/tex/latex/epstopdf-pkg/epstopdf-base.sty
Package: epstopdf-base 2020-01-24 v2.11 Base part for package epstopdf
Package epstopdf-base Info: Redefining graphics rule for `.eps' on input line 4
85.
Package grfext Info: Graphics extension search list:
(grfext)             [.pdf,.png,.jpg,.mps,.jpeg,.jbig2,.jb2,.PDF,.PNG,.JPG,.JPE
G,.JBIG2,.JB2,.eps]
(grfext)             \AppendGraphicsExtensions on input line 504.

(/usr/local/texlive/2020/texmf-dist/tex/latex/latexconfig/epstopdf-sys.cfg
File: epstopdf-sys.cfg 2010/07/13 v1.3 Configuration of (r)epstopdf for TeX Liv
e
)))
(/usr/local/texlive/2020/texmf-dist/tex/latex/latexcolors/latexcolors.sty
Package: latexcolors 2019/01/06 v0.1a xcolor definitions for the colors on late
xcolor.com
)
(/usr/local/texlive/2020/texmf-dist/tex/latex/pgf/frontendlayer/tikz.sty
(/usr/local/texlive/2020/texmf-dist/tex/latex/pgf/basiclayer/pgf.sty
Package: pgf 2020/01/08 v3.1.5b (3.1.5b)

(/usr/local/texlive/2020/texmf-dist/tex/generic/pgf/modules/pgfmoduleshapes.cod
e.tex
File: pgfmoduleshapes.code.tex 2020/01/08 v3.1.5b (3.1.5b)
\pgfnodeparttextbox=\box121
)
(/usr/local/texlive/2020/texmf-dist/tex/generic/pgf/modules/pgfmoduleplot.code.
tex
File: pgfmoduleplot.code.tex 2020/01/08 v3.1.5b (3.1.5b)
)
(/usr/local/texlive/2020/texmf-dist/tex/latex/pgf/compatibility/pgfcomp-version
-0-65.sty
Package: pgfcomp-version-0-65 2020/01/08 v3.1.5b (3.1.5b)
\pgf@nodesepstart=\dimen290
\pgf@nodesepend=\dimen291
)
(/usr/local/texlive/2020/texmf-dist/tex/latex/pgf/compatibility/pgfcomp-version
-1-18.sty
Package: pgfcomp-version-1-18 2020/01/08 v3.1.5b (3.1.5b)
))
(/usr/local/texlive/2020/texmf-dist/tex/latex/pgf/utilities/pgffor.sty
(/usr/local/texlive/2020/texmf-dist/tex/latex/pgf/utilities/pgfkeys.sty
(/usr/local/texlive/2020/texmf-dist/tex/generic/pgf/utilities/pgfkeys.code.tex)
) (/usr/local/texlive/2020/texmf-dist/tex/latex/pgf/math/pgfmath.sty
(/usr/local/texlive/2020/texmf-dist/tex/generic/pgf/math/pgfmath.code.tex))
(/usr/local/texlive/2020/texmf-dist/tex/generic/pgf/utilities/pgffor.code.tex
Package: pgffor 2020/01/08 v3.1.5b (3.1.5b)

(/usr/local/texlive/2020/texmf-dist/tex/generic/pgf/math/pgfmath.code.tex)
\pgffor@iter=\dimen292
\pgffor@skip=\dimen293
\pgffor@stack=\toks48
\pgffor@toks=\toks49
))
(/usr/local/texlive/2020/texmf-dist/tex/generic/pgf/frontendlayer/tikz/tikz.cod
e.tex
Package: tikz 2020/01/08 v3.1.5b (3.1.5b)

(/usr/local/texlive/2020/texmf-dist/tex/generic/pgf/libraries/pgflibraryplothan
dlers.code.tex
File: pgflibraryplothandlers.code.tex 2020/01/08 v3.1.5b (3.1.5b)
\pgf@plot@mark@count=\count325
\pgfplotmarksize=\dimen294
)
\tikz@lastx=\dimen295
\tikz@lasty=\dimen296
\tikz@lastxsaved=\dimen297
\tikz@lastysaved=\dimen298
\tikz@lastmovetox=\dimen299
\tikz@lastmovetoy=\dimen300
\tikzleveldistance=\dimen301
\tikzsiblingdistance=\dimen302
\tikz@figbox=\box122
\tikz@figbox@bg=\box123
\tikz@tempbox=\box124
\tikz@tempbox@bg=\box125
\tikztreelevel=\count326
\tikznumberofchildren=\count327
\tikznumberofcurrentchild=\count328
\tikz@fig@count=\count329

(/usr/local/texlive/2020/texmf-dist/tex/generic/pgf/modules/pgfmodulematrix.cod
e.tex
File: pgfmodulematrix.code.tex 2020/01/08 v3.1.5b (3.1.5b)
\pgfmatrixcurrentrow=\count330
\pgfmatrixcurrentcolumn=\count331
\pgf@matrix@numberofcolumns=\count332
)
\tikz@expandcount=\count333

(/usr/local/texlive/2020/texmf-dist/tex/generic/pgf/frontendlayer/tikz/librarie
s/tikzlibrarytopaths.code.tex
File: tikzlibrarytopaths.code.tex 2020/01/08 v3.1.5b (3.1.5b)
)))
(/usr/local/texlive/2020/texmf-dist/tex/generic/pgf/frontendlayer/tikz/librarie
s/tikzlibraryshadows.code.tex
File: tikzlibraryshadows.code.tex 2020/01/08 v3.1.5b (3.1.5b)

(/usr/local/texlive/2020/texmf-dist/tex/generic/pgf/frontendlayer/tikz/librarie
s/tikzlibraryfadings.code.tex
File: tikzlibraryfadings.code.tex 2020/01/08 v3.1.5b (3.1.5b)

(/usr/local/texlive/2020/texmf-dist/tex/generic/pgf/libraries/pgflibraryfadings
.code.tex
File: pgflibraryfadings.code.tex 2020/01/08 v3.1.5b (3.1.5b)
)))
(/usr/local/texlive/2020/texmf-dist/tex/generic/pgf/frontendlayer/tikz/librarie
s/tikzlibrarycalc.code.tex
File: tikzlibrarycalc.code.tex 2020/01/08 v3.1.5b (3.1.5b)
)
(/usr/local/texlive/2020/texmf-dist/tex/latex/pgf-blur/tikzlibraryshadows.blur.
code.tex  v1.02, 2012/12/09
\pgfbs@fading@count=\count334
)
(/usr/local/texlive/2020/texmf-dist/tex/generic/pgf/frontendlayer/tikz/librarie
s/tikzlibraryshapes.symbols.code.tex
File: tikzlibraryshapes.symbols.code.tex 2020/01/08 v3.1.5b (3.1.5b)

(/usr/local/texlive/2020/texmf-dist/tex/generic/pgf/libraries/shapes/pgflibrary
shapes.symbols.code.tex
File: pgflibraryshapes.symbols.code.tex 2020/01/08 v3.1.5b (3.1.5b)
))
(/usr/local/texlive/2020/texmf-dist/tex/latex/booktabs/booktabs.sty
Package: booktabs 2020/01/12 v1.61803398 Publication quality tables
\heavyrulewidth=\dimen303
\lightrulewidth=\dimen304
\cmidrulewidth=\dimen305
\belowrulesep=\dimen306
\belowbottomsep=\dimen307
\aboverulesep=\dimen308
\abovetopsep=\dimen309
\cmidrulesep=\dimen310
\cmidrulekern=\dimen311
\defaultaddspace=\dimen312
\@cmidla=\count335
\@cmidlb=\count336
\@aboverulesep=\dimen313
\@belowrulesep=\dimen314
\@thisruleclass=\count337
\@lastruleclass=\count338
\@thisrulewidth=\dimen315
)
\pgf@layerbox@shadow=\box126
\pgf@layerboxsaved@shadow=\box127

(/usr/local/texlive/2020/texmf-dist/tex/latex/fundus-calligra/calligra.sty
Package: calligra 2012/04/10 v1.9 LaTeX package calligra
)
(./definition_include.tex
(/usr/local/texlive/2020/texmf-dist/tex/latex/lipsum/lipsum.sty
(/usr/local/texlive/2020/texmf-dist/tex/latex/l3kernel/expl3.sty
Package: expl3 2020-03-06 L3 programming layer (loader) 

(/usr/local/texlive/2020/texmf-dist/tex/latex/l3backend/l3backend-pdfmode.def
File: l3backend-pdfmode.def 2020-03-12 L3 backend support: PDF mode
\l__kernel_color_stack_int=\count339
\l__pdf_internal_box=\box128
)) (/usr/local/texlive/2020/texmf-dist/tex/latex/l3packages/xparse/xparse.sty
Package: xparse 2020-03-06 L3 Experimental document command parser
\l__xparse_current_arg_int=\count340
\g__xparse_grabber_int=\count341
\l__xparse_m_args_int=\count342
\l__xparse_v_nesting_int=\count343
)
Package: lipsum 2019/01/02 v2.2 150 paragraphs of Lorem Ipsum dummy text

(/usr/local/texlive/2020/texmf-dist/tex/latex/lipsum/lipsum.ltd.tex
File: lipsum.ltd.tex 2019/01/02 v2.2 The Lorem ipsum dummy text
))
(/usr/local/texlive/2020/texmf-dist/tex/latex/jknapltx/mathrsfs.sty
Package: mathrsfs 1996/01/01 Math RSFS package v1.0 (jk)
\symrsfs=\mathgroup6
)
(/usr/local/texlive/2020/texmf-dist/tex/latex/amsfonts/eufrak.sty

Package eufrak Warning: The eufrak package is redundant if the amsfonts package
 is used on input line 36.

) (/usr/local/texlive/2020/texmf-dist/tex/latex/tools/verbatim.sty
Package: verbatim 2019/11/10 v1.5r LaTeX2e package for verbatim enhancements
\every@verbatim=\toks50
\verbatim@line=\toks51
\verbatim@in@stream=\read4
)
\sympureletters=\mathgroup7
LaTeX Font Info:    Overwriting symbol font `pureletters' in version `bold'
(Font)                  OT1/mathkerncmss/m/sl --> OT1/mathkerncmss/bx/sl on inp
ut line 29.

(/usr/local/texlive/2020/texmf-dist/tex/latex/tools/bm.sty
Package: bm 2019/07/24 v1.2d Bold Symbol Support (DPC/FMi)
\symboldoperators=\mathgroup8
\symboldletters=\mathgroup9
\symboldsymbols=\mathgroup10
\symboldpureletters=\mathgroup11
LaTeX Font Info:    Redeclaring math alphabet \mathbf on input line 141.
LaTeX Info: Redefining \bm on input line 209.
) (./undertilde.sty
Package: undertilde 2000/08/08 v1.0 Tilde under a math object
\knuthian@fdfive=\skip72
)
(/usr/local/texlive/2020/texmf-dist/tex/latex/pdfpages/pdfpages.sty
Package: pdfpages 2020/01/28 v0.5q Insert pages of external PDF documents (AM)

(/usr/local/texlive/2020/texmf-dist/tex/latex/base/ifthen.sty
Package: ifthen 2014/09/29 v1.1c Standard LaTeX ifthen package (DPC)
)
(/usr/local/texlive/2020/texmf-dist/tex/latex/tools/calc.sty
Package: calc 2017/05/25 v4.3 Infix arithmetic (KKT,FJ)
\calc@Acount=\count344
\calc@Bcount=\count345
\calc@Adimen=\dimen316
\calc@Bdimen=\dimen317
\calc@Askip=\skip73
\calc@Bskip=\skip74
LaTeX Info: Redefining \setlength on input line 80.
LaTeX Info: Redefining \addtolength on input line 81.
\calc@Ccount=\count346
\calc@Cskip=\skip75
)
(/usr/local/texlive/2020/texmf-dist/tex/latex/eso-pic/eso-pic.sty
Package: eso-pic 2018/04/12 v2.0h eso-pic (RN)
)
\AM@pagewidth=\dimen318
\AM@pageheight=\dimen319

(/usr/local/texlive/2020/texmf-dist/tex/latex/pdfpages/pppdftex.def
File: pppdftex.def 2020/01/28 v0.5q Pdfpages driver for pdfTeX (AM)
)
\AM@pagebox=\box129
\AM@global@opts=\toks52
\AM@pagecnt=\count347
\AM@toc@title=\toks53
\c@AM@survey=\count348
\AM@templatesizebox=\box130
)
(/usr/local/texlive/2020/texmf-dist/tex/latex/algorithms/algorithm.sty
Package: algorithm 2009/08/24 v0.1 Document Style `algorithm' - floating enviro
nment

(/usr/local/texlive/2020/texmf-dist/tex/latex/float/float.sty
Package: float 2001/11/08 v1.3d Float enhancements (AL)
\c@float@type=\count349
\float@exts=\toks54
\float@box=\box131
\@float@everytoks=\toks55
\@floatcapt=\box132
)
\@float@every@algorithm=\toks56
\c@algorithm=\count350
)
(/usr/local/texlive/2020/texmf-dist/tex/latex/algorithmicx/algpseudocode.sty
Package: algpseudocode 

(/usr/local/texlive/2020/texmf-dist/tex/latex/algorithmicx/algorithmicx.sty
Package: algorithmicx 2005/04/27 v1.2 Algorithmicx

Document Style algorithmicx 1.2 - a greatly improved `algorithmic' style
\c@ALG@line=\count351
\c@ALG@rem=\count352
\c@ALG@nested=\count353
\ALG@tlm=\skip76
\ALG@thistlm=\skip77
\c@ALG@Lnr=\count354
\c@ALG@blocknr=\count355
\c@ALG@storecount=\count356
\c@ALG@tmpcounter=\count357
\ALG@tmplength=\skip78
)
Document Style - pseudocode environments for use with the `algorithmicx' style
) (/usr/local/texlive/2020/texmf-dist/tex/generic/xstring/xstring.sty
(/usr/local/texlive/2020/texmf-dist/tex/generic/xstring/xstring.tex
\integerpart=\count358
\decimalpart=\count359
)
Package: xstring 2019/02/06 v1.83 String manipulations (CT)
)
(/usr/local/texlive/2020/texmf-dist/tex/generic/ulem/ulem.sty
\UL@box=\box133
\UL@hyphenbox=\box134
\UL@skip=\skip79
\UL@hook=\toks57
\UL@height=\dimen320
\UL@pe=\count360
\UL@pixel=\dimen321
\ULC@box=\box135
Package: ulem 2019/11/18
\ULdepth=\dimen322
)
\c@defn=\count361
\c@assumption=\count362

(/usr/local/texlive/2020/texmf-dist/tex/latex/caption/caption.sty
Package: caption 2020/01/03 v3.4h Customizing captions (AR)

(/usr/local/texlive/2020/texmf-dist/tex/latex/caption/caption3.sty
Package: caption3 2020/01/03 v1.8h caption3 kernel (AR)
Package caption3 Info: TeX engine: e-TeX on input line 61.
\captionmargin=\dimen323
\captionmargin@=\dimen324
\captionwidth=\dimen325
\caption@tempdima=\dimen326
\caption@indent=\dimen327
\caption@parindent=\dimen328
\caption@hangindent=\dimen329
Package caption Info: beamer document class detected.
)
\c@caption@flags=\count363
\c@continuedfloat=\count364
Package caption Info: beamer document class.
Package caption Info: float package is loaded.
Package caption Info: hyperref package is loaded.
Package caption Info: Hyperref support is turned off
(caption)             because hyperref has stopped early.
)
(/usr/local/texlive/2020/texmf-dist/tex/latex/caption/subcaption.sty
Package: subcaption 2020/01/22 v1.3d Sub-captions (AR)
\c@subfigure=\count365
\c@subtable=\count366
))
(./BoxDef.tex) (./MatrixDef.tex)

Package hyperref Warning: Token not allowed in a PDF string (PDFDocEncoding):
(hyperref)                removing `\color' on input line 136.

(./STAT380_Classification_TreeBasedMethod.aux)
\openout1 = `STAT380_Classification_TreeBasedMethod.aux'.

LaTeX Font Info:    Checking defaults for OML/cmm/m/it on input line 136.
LaTeX Font Info:    ... okay on input line 136.
LaTeX Font Info:    Checking defaults for OMS/cmsy/m/n on input line 136.
LaTeX Font Info:    ... okay on input line 136.
LaTeX Font Info:    Checking defaults for OT1/cmr/m/n on input line 136.
LaTeX Font Info:    ... okay on input line 136.
LaTeX Font Info:    Checking defaults for T1/cmr/m/n on input line 136.
LaTeX Font Info:    ... okay on input line 136.
LaTeX Font Info:    Checking defaults for TS1/cmr/m/n on input line 136.
LaTeX Font Info:    ... okay on input line 136.
LaTeX Font Info:    Checking defaults for OMX/cmex/m/n on input line 136.
LaTeX Font Info:    ... okay on input line 136.
LaTeX Font Info:    Checking defaults for U/cmr/m/n on input line 136.
LaTeX Font Info:    ... okay on input line 136.
LaTeX Font Info:    Checking defaults for PD1/pdf/m/n on input line 136.
LaTeX Font Info:    ... okay on input line 136.

*geometry* driver: auto-detecting
*geometry* detected driver: pdftex
*geometry* verbose mode - [ preamble ] result:
* driver: pdftex
* paper: custom
* layout: <same size as paper>
* layoutoffset:(h,v)=(0.0pt,0.0pt)
* modes: includehead includefoot 
* h-part:(L,W,R)=(10.84006pt, 342.51524pt, 10.84006pt)
* v-part:(T,H,B)=(0.0pt, 273.14662pt, 0.0pt)
* \paperwidth=364.19536pt
* \paperheight=273.14662pt
* \textwidth=342.51524pt
* \textheight=244.6939pt
* \oddsidemargin=-61.42993pt
* \evensidemargin=-61.42993pt
* \topmargin=-72.26999pt
* \headheight=14.22636pt
* \headsep=0.0pt
* \topskip=11.0pt
* \footskip=14.22636pt
* \marginparwidth=4.0pt
* \marginparsep=10.0pt
* \columnsep=10.0pt
* \skip\footins=10.0pt plus 4.0pt minus 2.0pt
* \hoffset=0.0pt
* \voffset=0.0pt
* \mag=1000
* \@twocolumnfalse
* \@twosidefalse
* \@mparswitchfalse
* \@reversemarginfalse
* (1in=72.27pt=25.4mm, 1cm=28.453pt)

(/usr/local/texlive/2020/texmf-dist/tex/context/base/mkii/supp-pdf.mkii
[Loading MPS to PDF converter (version 2006.09.02).]
\scratchcounter=\count367
\scratchdimen=\dimen330
\scratchbox=\box136
\nofMPsegments=\count368
\nofMParguments=\count369
\everyMPshowfont=\toks58
\MPscratchCnt=\count370
\MPscratchDim=\dimen331
\MPnumerator=\count371
\makeMPintoPDFobject=\count372
\everyMPtoPDFconversion=\toks59
) ABD: EveryShipout initializing macros
\AtBeginShipoutBox=\box137
Package hyperref Info: Link coloring OFF on input line 136.

(/usr/local/texlive/2020/texmf-dist/tex/latex/hyperref/nameref.sty
Package: nameref 2019/09/16 v2.46 Cross-referencing by name of section

(/usr/local/texlive/2020/texmf-dist/tex/latex/refcount/refcount.sty
Package: refcount 2019/12/15 v3.6 Data extraction from label references (HO)
)
(/usr/local/texlive/2020/texmf-dist/tex/generic/gettitlestring/gettitlestring.s
ty
Package: gettitlestring 2019/12/15 v1.6 Cleanup title references (HO)
)
\c@section@level=\count373
)
LaTeX Info: Redefining \ref on input line 136.
LaTeX Info: Redefining \pageref on input line 136.
LaTeX Info: Redefining \nameref on input line 136.
 (./STAT380_Classification_TreeBasedMethod.out)
(./STAT380_Classification_TreeBasedMethod.out)
\@outlinefile=\write5
\openout5 = `STAT380_Classification_TreeBasedMethod.out'.

LaTeX Font Info:    Overwriting symbol font `operators' in version `normal'
(Font)                  OT1/cmr/m/n --> OT1/cmss/m/n on input line 136.
LaTeX Font Info:    Overwriting symbol font `operators' in version `bold'
(Font)                  OT1/cmr/bx/n --> OT1/cmss/b/n on input line 136.
\symnumbers=\mathgroup12
LaTeX Font Info:    Redeclaring symbol font `pureletters' on input line 136.
LaTeX Font Info:    Encoding `OT1' has changed to `T1' for symbol font
(Font)              `pureletters' in the math version `normal' on input line 13
6.
LaTeX Font Info:    Overwriting symbol font `pureletters' in version `normal'
(Font)                  OT1/mathkerncmss/m/sl --> T1/phv/m/it on input line 136
.
LaTeX Font Info:    Encoding `OT1' has changed to `T1' for symbol font
(Font)              `pureletters' in the math version `bold' on input line 136.

LaTeX Font Info:    Overwriting symbol font `pureletters' in version `bold'
(Font)                  OT1/mathkerncmss/bx/sl --> T1/phv/m/it on input line 13
6.
LaTeX Font Info:    Overwriting math alphabet `\mathrm' in version `normal'
(Font)                  OT1/cmss/m/n --> T1/ptm/m/n on input line 136.
LaTeX Font Info:    Redeclaring math alphabet \mathbf on input line 136.
LaTeX Font Info:    Redeclaring math alphabet \mathsf on input line 136.
LaTeX Font Info:    Overwriting math alphabet `\mathsf' in version `normal'
(Font)                  OT1/cmss/m/n --> T1/phv/m/n on input line 136.
LaTeX Font Info:    Overwriting math alphabet `\mathsf' in version `bold'
(Font)                  OT1/cmss/bx/n --> T1/phv/m/n on input line 136.
LaTeX Font Info:    Redeclaring math alphabet \mathit on input line 136.
LaTeX Font Info:    Overwriting math alphabet `\mathit' in version `normal'
(Font)                  OT1/cmr/m/it --> T1/phv/m/it on input line 136.
LaTeX Font Info:    Overwriting math alphabet `\mathit' in version `bold'
(Font)                  OT1/cmr/bx/it --> T1/phv/m/it on input line 136.
LaTeX Font Info:    Redeclaring math alphabet \mathtt on input line 136.
LaTeX Font Info:    Overwriting math alphabet `\mathtt' in version `normal'
(Font)                  OT1/cmtt/m/n --> T1/pcr/m/n on input line 136.
LaTeX Font Info:    Overwriting math alphabet `\mathtt' in version `bold'
(Font)                  OT1/cmtt/m/n --> T1/pcr/m/n on input line 136.
LaTeX Font Info:    Overwriting symbol font `numbers' in version `bold'
(Font)                  T1/phv/m/n --> T1/phv/b/n on input line 136.
LaTeX Font Info:    Overwriting symbol font `pureletters' in version `bold'
(Font)                  T1/phv/m/it --> T1/phv/b/it on input line 136.
LaTeX Font Info:    Overwriting math alphabet `\mathrm' in version `bold'
(Font)                  OT1/cmss/b/n --> T1/ptm/b/n on input line 136.
LaTeX Font Info:    Overwriting math alphabet `\mathbf' in version `bold'
(Font)                  T1/phv/b/n --> T1/phv/b/n on input line 136.
LaTeX Font Info:    Overwriting math alphabet `\mathsf' in version `bold'
(Font)                  T1/phv/m/n --> T1/phv/b/n on input line 136.
LaTeX Font Info:    Overwriting math alphabet `\mathit' in version `bold'
(Font)                  T1/phv/m/it --> T1/phv/b/it on input line 136.
LaTeX Font Info:    Overwriting math alphabet `\mathtt' in version `bold'
(Font)                  T1/pcr/m/n --> T1/pcr/b/n on input line 136.
LaTeX Font Info:    Redeclaring symbol font `boldpureletters' on input line 136
.
LaTeX Font Info:    Encoding `OT1' has changed to `T1' for symbol font
(Font)              `boldpureletters' in the math version `normal' on input lin
e 136.
LaTeX Font Info:    Overwriting symbol font `boldpureletters' in version `norma
l'
(Font)                  OT1/mathkerncmss/bx/sl --> T1/phv/bx/it on input line 1
36.
LaTeX Font Info:    Encoding `OT1' has changed to `T1' for symbol font
(Font)              `boldpureletters' in the math version `bold' on input line 
136.
LaTeX Font Info:    Overwriting symbol font `boldpureletters' in version `bold'

(Font)                  OT1/mathkerncmss/bx/sl --> T1/phv/bx/it on input line 1
36.

(/usr/local/texlive/2020/texmf-dist/tex/latex/translator/translator-basic-dicti
onary-English.dict
Dictionary: translator-basic-dictionary, Language: English 
)
(/usr/local/texlive/2020/texmf-dist/tex/latex/translator/translator-bibliograph
y-dictionary-English.dict
Dictionary: translator-bibliography-dictionary, Language: English 
)
(/usr/local/texlive/2020/texmf-dist/tex/latex/translator/translator-environment
-dictionary-English.dict
Dictionary: translator-environment-dictionary, Language: English 
)
(/usr/local/texlive/2020/texmf-dist/tex/latex/translator/translator-months-dict
ionary-English.dict
Dictionary: translator-months-dictionary, Language: English 
)
(/usr/local/texlive/2020/texmf-dist/tex/latex/translator/translator-numbers-dic
tionary-English.dict
Dictionary: translator-numbers-dictionary, Language: English 
)
(/usr/local/texlive/2020/texmf-dist/tex/latex/translator/translator-theorem-dic
tionary-English.dict
Dictionary: translator-theorem-dictionary, Language: English 
)
(/usr/local/texlive/2020/texmf-dist/tex/latex/pdflscape/pdflscape.sty
Package: pdflscape 2019/12/05 v0.12 Display of landscape pages in PDF (HO)

(/usr/local/texlive/2020/texmf-dist/tex/latex/graphics/lscape.sty
Package: lscape 2000/10/22 v3.01 Landscape Pages (DPC)
)
Package pdflscape Info: Auto-detected driver: pdftex on input line 81.
)
Package caption Info: Begin \AtBeginDocument code.
Package caption Info: End \AtBeginDocument code.

(./STAT380_Classification_TreeBasedMethod.nav)
LaTeX Font Info:    Trying to load font information for U+msa on input line 137
.

(/usr/local/texlive/2020/texmf-dist/tex/latex/amsfonts/umsa.fd
File: umsa.fd 2013/01/14 v3.01 AMS symbols A
)
LaTeX Font Info:    Trying to load font information for U+msb on input line 137
.

(/usr/local/texlive/2020/texmf-dist/tex/latex/amsfonts/umsb.fd
File: umsb.fd 2013/01/14 v3.01 AMS symbols B
)
LaTeX Font Info:    Trying to load font information for U+rsfs on input line 13
7.

(/usr/local/texlive/2020/texmf-dist/tex/latex/jknapltx/ursfs.fd
File: ursfs.fd 1998/03/24 rsfs font definition file (jk)
)
LaTeX Font Info:    Font shape `T1/phv/m/it' in size <8> not available
(Font)              Font shape `T1/phv/m/sl' tried instead on input line 137.
LaTeX Font Info:    Font shape `T1/phv/m/it' in size <6> not available
(Font)              Font shape `T1/phv/m/sl' tried instead on input line 137.
LaTeX Font Info:    Font shape `T1/phv/m/it' in size <5> not available
(Font)              Font shape `T1/phv/m/sl' tried instead on input line 137.
LaTeX Font Info:    Font shape `T1/phv/bx/it' in size <8> not available
(Font)              Font shape `T1/phv/b/it' tried instead on input line 137.
LaTeX Font Info:    Font shape `T1/phv/b/it' in size <8> not available
(Font)              Font shape `T1/phv/b/sl' tried instead on input line 137.
LaTeX Font Info:    Font shape `T1/phv/bx/it' in size <6> not available
(Font)              Font shape `T1/phv/b/it' tried instead on input line 137.
LaTeX Font Info:    Font shape `T1/phv/b/it' in size <6> not available
(Font)              Font shape `T1/phv/b/sl' tried instead on input line 137.
LaTeX Font Info:    Font shape `T1/phv/bx/it' in size <5> not available
(Font)              Font shape `T1/phv/b/it' tried instead on input line 137.
LaTeX Font Info:    Font shape `T1/phv/b/it' in size <5> not available
(Font)              Font shape `T1/phv/b/sl' tried instead on input line 137.
 [1{/usr/local/texlive/2020/texmf-var/fonts/map/pdftex/updmap/pdftex.map}

] [2

]
(./STAT380_Classification_TreeBasedMethod.toc) [3

]
LaTeX Font Info:    Font shape `T1/phv/m/it' in size <10.95> not available
(Font)              Font shape `T1/phv/m/sl' tried instead on input line 208.
LaTeX Font Info:    Font shape `T1/phv/bx/it' in size <10.95> not available
(Font)              Font shape `T1/phv/b/it' tried instead on input line 208.
LaTeX Font Info:    Font shape `T1/phv/b/it' in size <10.95> not available
(Font)              Font shape `T1/phv/b/sl' tried instead on input line 208.

Overfull \hbox (3.45665pt too wide) in paragraph at lines 208--208
[][] 
 []

[4

]
<STAT380-Unit3.pdf, id=214, 364.19562pt x 273.14648pt>
File: STAT380-Unit3.pdf Graphic file (type pdf)
<use STAT380-Unit3.pdf>
Package pdftex.def Info: STAT380-Unit3.pdf  used on input line 214.
(pdftex.def)             Requested size: 364.19473pt x 273.14581pt.
File: STAT380-Unit3.pdf Graphic file (type pdf)
<use STAT380-Unit3.pdf>
Package pdftex.def Info: STAT380-Unit3.pdf  used on input line 214.
(pdftex.def)             Requested size: 364.19473pt x 273.14581pt.
<STAT380-Unit3.pdf, id=217, page=68, 364.19562pt x 273.14648pt>
File: STAT380-Unit3.pdf Graphic file (type pdf)
<use STAT380-Unit3.pdf, page 68>
Package pdftex.def Info: STAT380-Unit3.pdf , page68 used on input line 214.
(pdftex.def)             Requested size: 364.19473pt x 273.14581pt.
File: STAT380-Unit3.pdf Graphic file (type pdf)
<use STAT380-Unit3.pdf, page 68>
Package pdftex.def Info: STAT380-Unit3.pdf , page68 used on input line 214.
(pdftex.def)             Requested size: 364.19473pt x 273.14581pt.
File: STAT380-Unit3.pdf Graphic file (type pdf)
<use STAT380-Unit3.pdf, page 68>
Package pdftex.def Info: STAT380-Unit3.pdf , page68 used on input line 214.
(pdftex.def)             Requested size: 364.19473pt x 273.14581pt.
File: STAT380-Unit3.pdf Graphic file (type pdf)
<use STAT380-Unit3.pdf, page 68>
Package pdftex.def Info: STAT380-Unit3.pdf , page68 used on input line 214.
(pdftex.def)             Requested size: 364.19473pt x 273.14581pt.
File: STAT380-Unit3.pdf Graphic file (type pdf)
<use STAT380-Unit3.pdf, page 68>
Package pdftex.def Info: STAT380-Unit3.pdf , page68 used on input line 214.
(pdftex.def)             Requested size: 364.19473pt x 273.14581pt.
 [5

 <./STAT380-Unit3.pdf>]
<STAT380-Unit3.pdf, id=354, page=69, 364.19562pt x 273.14648pt>
File: STAT380-Unit3.pdf Graphic file (type pdf)
<use STAT380-Unit3.pdf, page 69>
Package pdftex.def Info: STAT380-Unit3.pdf , page69 used on input line 214.
(pdftex.def)             Requested size: 364.19473pt x 273.14581pt.
File: STAT380-Unit3.pdf Graphic file (type pdf)
<use STAT380-Unit3.pdf, page 69>
Package pdftex.def Info: STAT380-Unit3.pdf , page69 used on input line 214.
(pdftex.def)             Requested size: 364.19473pt x 273.14581pt.
File: STAT380-Unit3.pdf Graphic file (type pdf)
<use STAT380-Unit3.pdf, page 69>
Package pdftex.def Info: STAT380-Unit3.pdf , page69 used on input line 214.
(pdftex.def)             Requested size: 364.19473pt x 273.14581pt.
 [6 <./STAT380-Unit3.pdf>]
<STAT380-Unit3.pdf, id=477, page=70, 364.19562pt x 273.14648pt>
File: STAT380-Unit3.pdf Graphic file (type pdf)
<use STAT380-Unit3.pdf, page 70>
Package pdftex.def Info: STAT380-Unit3.pdf , page70 used on input line 214.
(pdftex.def)             Requested size: 364.19473pt x 273.14581pt.
File: STAT380-Unit3.pdf Graphic file (type pdf)
<use STAT380-Unit3.pdf, page 70>
Package pdftex.def Info: STAT380-Unit3.pdf , page70 used on input line 214.
(pdftex.def)             Requested size: 364.19473pt x 273.14581pt.
File: STAT380-Unit3.pdf Graphic file (type pdf)
<use STAT380-Unit3.pdf, page 70>
Package pdftex.def Info: STAT380-Unit3.pdf , page70 used on input line 214.
(pdftex.def)             Requested size: 364.19473pt x 273.14581pt.
 [7 <./STAT380-Unit3.pdf>]
<STAT380-Unit3.pdf, id=504, page=71, 364.19562pt x 273.14648pt>
File: STAT380-Unit3.pdf Graphic file (type pdf)
<use STAT380-Unit3.pdf, page 71>
Package pdftex.def Info: STAT380-Unit3.pdf , page71 used on input line 214.
(pdftex.def)             Requested size: 364.19473pt x 273.14581pt.
File: STAT380-Unit3.pdf Graphic file (type pdf)
<use STAT380-Unit3.pdf, page 71>
Package pdftex.def Info: STAT380-Unit3.pdf , page71 used on input line 214.
(pdftex.def)             Requested size: 364.19473pt x 273.14581pt.
File: STAT380-Unit3.pdf Graphic file (type pdf)
<use STAT380-Unit3.pdf, page 71>
Package pdftex.def Info: STAT380-Unit3.pdf , page71 used on input line 214.
(pdftex.def)             Requested size: 364.19473pt x 273.14581pt.
 [8 <./STAT380-Unit3.pdf>]
<STAT380-Unit3.pdf, id=530, page=72, 364.19562pt x 273.14648pt>
File: STAT380-Unit3.pdf Graphic file (type pdf)
<use STAT380-Unit3.pdf, page 72>
Package pdftex.def Info: STAT380-Unit3.pdf , page72 used on input line 214.
(pdftex.def)             Requested size: 364.19473pt x 273.14581pt.
File: STAT380-Unit3.pdf Graphic file (type pdf)
<use STAT380-Unit3.pdf, page 72>
Package pdftex.def Info: STAT380-Unit3.pdf , page72 used on input line 214.
(pdftex.def)             Requested size: 364.19473pt x 273.14581pt.
File: STAT380-Unit3.pdf Graphic file (type pdf)
<use STAT380-Unit3.pdf, page 72>
Package pdftex.def Info: STAT380-Unit3.pdf , page72 used on input line 214.
(pdftex.def)             Requested size: 364.19473pt x 273.14581pt.
 [9 <./STAT380-Unit3.pdf>]
<STAT380-Unit3.pdf, id=586, page=73, 364.19562pt x 273.14648pt>
File: STAT380-Unit3.pdf Graphic file (type pdf)
<use STAT380-Unit3.pdf, page 73>
Package pdftex.def Info: STAT380-Unit3.pdf , page73 used on input line 214.
(pdftex.def)             Requested size: 364.19473pt x 273.14581pt.
File: STAT380-Unit3.pdf Graphic file (type pdf)
<use STAT380-Unit3.pdf, page 73>
Package pdftex.def Info: STAT380-Unit3.pdf , page73 used on input line 214.
(pdftex.def)             Requested size: 364.19473pt x 273.14581pt.
File: STAT380-Unit3.pdf Graphic file (type pdf)
<use STAT380-Unit3.pdf, page 73>
Package pdftex.def Info: STAT380-Unit3.pdf , page73 used on input line 214.
(pdftex.def)             Requested size: 364.19473pt x 273.14581pt.
 [10 <./STAT380-Unit3.pdf>]
<STAT380-Unit3.pdf, id=648, page=74, 364.19562pt x 273.14648pt>
File: STAT380-Unit3.pdf Graphic file (type pdf)
<use STAT380-Unit3.pdf, page 74>
Package pdftex.def Info: STAT380-Unit3.pdf , page74 used on input line 214.
(pdftex.def)             Requested size: 364.19473pt x 273.14581pt.
File: STAT380-Unit3.pdf Graphic file (type pdf)
<use STAT380-Unit3.pdf, page 74>
Package pdftex.def Info: STAT380-Unit3.pdf , page74 used on input line 214.
(pdftex.def)             Requested size: 364.19473pt x 273.14581pt.
File: STAT380-Unit3.pdf Graphic file (type pdf)
<use STAT380-Unit3.pdf, page 74>
Package pdftex.def Info: STAT380-Unit3.pdf , page74 used on input line 214.
(pdftex.def)             Requested size: 364.19473pt x 273.14581pt.
 [11 <./STAT380-Unit3.pdf>]
<STAT380-Unit3.pdf, id=698, page=75, 364.19562pt x 273.14648pt>
File: STAT380-Unit3.pdf Graphic file (type pdf)
<use STAT380-Unit3.pdf, page 75>
Package pdftex.def Info: STAT380-Unit3.pdf , page75 used on input line 214.
(pdftex.def)             Requested size: 364.19473pt x 273.14581pt.
File: STAT380-Unit3.pdf Graphic file (type pdf)
<use STAT380-Unit3.pdf, page 75>
Package pdftex.def Info: STAT380-Unit3.pdf , page75 used on input line 214.
(pdftex.def)             Requested size: 364.19473pt x 273.14581pt.
File: STAT380-Unit3.pdf Graphic file (type pdf)
<use STAT380-Unit3.pdf, page 75>
Package pdftex.def Info: STAT380-Unit3.pdf , page75 used on input line 214.
(pdftex.def)             Requested size: 364.19473pt x 273.14581pt.
 [12 <./STAT380-Unit3.pdf>]
<STAT380-Unit3.pdf, id=737, page=76, 364.19562pt x 273.14648pt>
File: STAT380-Unit3.pdf Graphic file (type pdf)
<use STAT380-Unit3.pdf, page 76>
Package pdftex.def Info: STAT380-Unit3.pdf , page76 used on input line 214.
(pdftex.def)             Requested size: 364.19473pt x 273.14581pt.
File: STAT380-Unit3.pdf Graphic file (type pdf)
<use STAT380-Unit3.pdf, page 76>
Package pdftex.def Info: STAT380-Unit3.pdf , page76 used on input line 214.
(pdftex.def)             Requested size: 364.19473pt x 273.14581pt.
File: STAT380-Unit3.pdf Graphic file (type pdf)
<use STAT380-Unit3.pdf, page 76>
Package pdftex.def Info: STAT380-Unit3.pdf , page76 used on input line 214.
(pdftex.def)             Requested size: 364.19473pt x 273.14581pt.
 [13 <./STAT380-Unit3.pdf>]
<STAT380-Unit3.pdf, id=785, page=77, 364.19562pt x 273.14648pt>
File: STAT380-Unit3.pdf Graphic file (type pdf)
<use STAT380-Unit3.pdf, page 77>
Package pdftex.def Info: STAT380-Unit3.pdf , page77 used on input line 214.
(pdftex.def)             Requested size: 364.19473pt x 273.14581pt.
File: STAT380-Unit3.pdf Graphic file (type pdf)
<use STAT380-Unit3.pdf, page 77>
Package pdftex.def Info: STAT380-Unit3.pdf , page77 used on input line 214.
(pdftex.def)             Requested size: 364.19473pt x 273.14581pt.
File: STAT380-Unit3.pdf Graphic file (type pdf)
<use STAT380-Unit3.pdf, page 77>
Package pdftex.def Info: STAT380-Unit3.pdf , page77 used on input line 214.
(pdftex.def)             Requested size: 364.19473pt x 273.14581pt.
 [14 <./STAT380-Unit3.pdf>]
<STAT380-Unit3.pdf, id=811, page=78, 364.19562pt x 273.14648pt>
File: STAT380-Unit3.pdf Graphic file (type pdf)
<use STAT380-Unit3.pdf, page 78>
Package pdftex.def Info: STAT380-Unit3.pdf , page78 used on input line 214.
(pdftex.def)             Requested size: 364.19473pt x 273.14581pt.
File: STAT380-Unit3.pdf Graphic file (type pdf)
<use STAT380-Unit3.pdf, page 78>
Package pdftex.def Info: STAT380-Unit3.pdf , page78 used on input line 214.
(pdftex.def)             Requested size: 364.19473pt x 273.14581pt.
File: STAT380-Unit3.pdf Graphic file (type pdf)
<use STAT380-Unit3.pdf, page 78>
Package pdftex.def Info: STAT380-Unit3.pdf , page78 used on input line 214.
(pdftex.def)             Requested size: 364.19473pt x 273.14581pt.
 [15 <./STAT380-Unit3.pdf>]
<STAT380-Unit3.pdf, id=837, page=79, 364.19562pt x 273.14648pt>
File: STAT380-Unit3.pdf Graphic file (type pdf)
<use STAT380-Unit3.pdf, page 79>
Package pdftex.def Info: STAT380-Unit3.pdf , page79 used on input line 214.
(pdftex.def)             Requested size: 364.19473pt x 273.14581pt.
File: STAT380-Unit3.pdf Graphic file (type pdf)
<use STAT380-Unit3.pdf, page 79>
Package pdftex.def Info: STAT380-Unit3.pdf , page79 used on input line 214.
(pdftex.def)             Requested size: 364.19473pt x 273.14581pt.
File: STAT380-Unit3.pdf Graphic file (type pdf)
<use STAT380-Unit3.pdf, page 79>
Package pdftex.def Info: STAT380-Unit3.pdf , page79 used on input line 214.
(pdftex.def)             Requested size: 364.19473pt x 273.14581pt.
 [16 <./STAT380-Unit3.pdf>]
<STAT380-Unit3.pdf, id=864, page=80, 364.19562pt x 273.14648pt>
File: STAT380-Unit3.pdf Graphic file (type pdf)
<use STAT380-Unit3.pdf, page 80>
Package pdftex.def Info: STAT380-Unit3.pdf , page80 used on input line 214.
(pdftex.def)             Requested size: 364.19473pt x 273.14581pt.
File: STAT380-Unit3.pdf Graphic file (type pdf)
<use STAT380-Unit3.pdf, page 80>
Package pdftex.def Info: STAT380-Unit3.pdf , page80 used on input line 214.
(pdftex.def)             Requested size: 364.19473pt x 273.14581pt.
File: STAT380-Unit3.pdf Graphic file (type pdf)
<use STAT380-Unit3.pdf, page 80>
Package pdftex.def Info: STAT380-Unit3.pdf , page80 used on input line 214.
(pdftex.def)             Requested size: 364.19473pt x 273.14581pt.
 [17 <./STAT380-Unit3.pdf>]
Underfull \hbox (badness 10000) in paragraph at lines 233--233
[][][][]
 []

[18]
<figs/RegressionTreeDiagram1.png, id=931, 760.8425pt x 517.935pt>
File: figs/RegressionTreeDiagram1.png Graphic file (type png)
<use figs/RegressionTreeDiagram1.png>
Package pdftex.def Info: figs/RegressionTreeDiagram1.png  used on input line 24
7.
(pdftex.def)             Requested size: 228.2545pt x 155.38168pt.

Overfull \vbox (13.6438pt too high) detected at line 247
 []

[19

 <./figs/RegressionTreeDiagram1.png>] [20

]
<figs/RegressionTreeDiagram.png, id=1011, 794.97pt x 495.8525pt>
File: figs/RegressionTreeDiagram.png Graphic file (type png)
<use figs/RegressionTreeDiagram.png>
Package pdftex.def Info: figs/RegressionTreeDiagram.png  used on input line 278
.
(pdftex.def)             Requested size: 254.3956pt x 158.67604pt.

Overfull \vbox (11.22989pt too high) detected at line 278
 []

[21

 <./figs/RegressionTreeDiagram.png>]
<figs/R1_R2.png, id=1063, 926.46124pt x 455.7025pt>
File: figs/R1_R2.png Graphic file (type png)
<use figs/R1_R2.png>
Package pdftex.def Info: figs/R1_R2.png  used on input line 298.
(pdftex.def)             Requested size: 277.9405pt x 136.71179pt.
File: figs/RegressionTreeDiagram1.png Graphic file (type png)
<use figs/RegressionTreeDiagram1.png>
Package pdftex.def Info: figs/RegressionTreeDiagram1.png  used on input line 29
8.
(pdftex.def)             Requested size: 167.38586pt x 113.94604pt.
 [22

 <./figs/R1_R2.png>]
<figs/R1_R2_s.png, id=1097, 914.41624pt x 449.68pt>
File: figs/R1_R2_s.png Graphic file (type png)
<use figs/R1_R2_s.png>
Package pdftex.def Info: figs/R1_R2_s.png  used on input line 312.
(pdftex.def)             Requested size: 320.05048pt x 157.39035pt.

Overfull \hbox (4.45271pt too wide) in paragraph at lines 312--312
[][]  
 []


Overfull \hbox (6.73607pt too wide) detected at line 312
[] \OT1/cmss/m/n/10.95 := []
 []


Overfull \hbox (4.45271pt too wide) in paragraph at lines 312--312
[][] 
 []


Overfull \vbox (23.29593pt too high) detected at line 312
 []

[23

 <./figs/R1_R2_s.png>]
<figs/R1_R2_table.png, id=1136, 959.585pt x 505.89pt>
File: figs/R1_R2_table.png Graphic file (type png)
<use figs/R1_R2_table.png>
Package pdftex.def Info: figs/R1_R2_table.png  used on input line 336.
(pdftex.def)             Requested size: 335.85977pt x 177.06415pt.

Overfull \hbox (3.41734pt too wide) in paragraph at lines 336--336
 [] 
 []

[24

 <./figs/R1_R2_table.png>]
<figs/R1_R2_table1.png, id=1170, 961.5925pt x 503.8825pt>
File: figs/R1_R2_table1.png Graphic file (type png)
<use figs/R1_R2_table1.png>
Package pdftex.def Info: figs/R1_R2_table1.png  used on input line 358.
(pdftex.def)             Requested size: 336.56241pt x 176.36151pt.

Overfull \hbox (4.45271pt too wide) in paragraph at lines 358--358
[][]  
 []

[25

 <./figs/R1_R2_table1.png>]
<figs/R1_R2_table_Example.png, id=1205, 875.27pt x 828.09375pt>
File: figs/R1_R2_table_Example.png Graphic file (type png)
<use figs/R1_R2_table_Example.png>
Package pdftex.def Info: figs/R1_R2_table_Example.png  used on input line 380.
(pdftex.def)             Requested size: 245.07393pt x 231.86467pt.

Overfull \hbox (4.45271pt too wide) in paragraph at lines 380--380
[][]  
 []


Overfull \vbox (53.3838pt too high) detected at line 380
 []

[26

 <./figs/R1_R2_table_Example.png>]
<figs/TREE_CONSTRUCTION0.png, id=1241, 634.37pt x 555.07375pt>
File: figs/TREE_CONSTRUCTION0.png Graphic file (type png)
<use figs/TREE_CONSTRUCTION0.png>
Package pdftex.def Info: figs/TREE_CONSTRUCTION0.png  used on input line 392.
(pdftex.def)             Requested size: 253.7435pt x 222.02556pt.

Overfull \hbox (4.45271pt too wide) in paragraph at lines 392--392
[][]  
 []


Overfull \vbox (0.18225pt too high) detected at line 392
 []

[27

 <./figs/TREE_CONSTRUCTION0.png>]
<figs/TREE_CONSTRUCTION01.png, id=1275, 636.3775pt x 552.0625pt>
File: figs/TREE_CONSTRUCTION01.png Graphic file (type png)
<use figs/TREE_CONSTRUCTION01.png>
Package pdftex.def Info: figs/TREE_CONSTRUCTION01.png  used on input line 405.
(pdftex.def)             Requested size: 254.5465pt x 220.82108pt.

Overfull \hbox (4.45271pt too wide) in paragraph at lines 405--405
[][]  
 []

[28

 <./figs/TREE_CONSTRUCTION01.png>]
<figs/TREE_CONSTRUCTION.png, id=1309, 636.3775pt x 551.05875pt>
File: figs/TREE_CONSTRUCTION.png Graphic file (type png)
<use figs/TREE_CONSTRUCTION.png>
Package pdftex.def Info: figs/TREE_CONSTRUCTION.png  used on input line 425.
(pdftex.def)             Requested size: 254.5465pt x 220.41959pt.

Overfull \hbox (4.45271pt too wide) in paragraph at lines 425--425
[][]  
 []

[29

 <./figs/TREE_CONSTRUCTION.png>]
File: STAT380-Unit3.pdf Graphic file (type pdf)
<use STAT380-Unit3.pdf>
Package pdftex.def Info: STAT380-Unit3.pdf  used on input line 432.
(pdftex.def)             Requested size: 364.19473pt x 273.14581pt.
File: STAT380-Unit3.pdf Graphic file (type pdf)
<use STAT380-Unit3.pdf>
Package pdftex.def Info: STAT380-Unit3.pdf  used on input line 432.
(pdftex.def)             Requested size: 364.19473pt x 273.14581pt.
<STAT380-Unit3.pdf, id=1346, page=81, 364.19562pt x 273.14648pt>
File: STAT380-Unit3.pdf Graphic file (type pdf)
<use STAT380-Unit3.pdf, page 81>
Package pdftex.def Info: STAT380-Unit3.pdf , page81 used on input line 432.
(pdftex.def)             Requested size: 364.19473pt x 273.14581pt.
File: STAT380-Unit3.pdf Graphic file (type pdf)
<use STAT380-Unit3.pdf, page 81>
Package pdftex.def Info: STAT380-Unit3.pdf , page81 used on input line 432.
(pdftex.def)             Requested size: 364.19473pt x 273.14581pt.
File: STAT380-Unit3.pdf Graphic file (type pdf)
<use STAT380-Unit3.pdf, page 81>
Package pdftex.def Info: STAT380-Unit3.pdf , page81 used on input line 432.
(pdftex.def)             Requested size: 364.19473pt x 273.14581pt.
File: STAT380-Unit3.pdf Graphic file (type pdf)
<use STAT380-Unit3.pdf, page 81>
Package pdftex.def Info: STAT380-Unit3.pdf , page81 used on input line 432.
(pdftex.def)             Requested size: 364.19473pt x 273.14581pt.
File: STAT380-Unit3.pdf Graphic file (type pdf)
<use STAT380-Unit3.pdf, page 81>
Package pdftex.def Info: STAT380-Unit3.pdf , page81 used on input line 432.
(pdftex.def)             Requested size: 364.19473pt x 273.14581pt.
 [30

 <./STAT380-Unit3.pdf>]
<STAT380-Unit3.pdf, id=1390, page=82, 364.19562pt x 273.14648pt>
File: STAT380-Unit3.pdf Graphic file (type pdf)
<use STAT380-Unit3.pdf, page 82>
Package pdftex.def Info: STAT380-Unit3.pdf , page82 used on input line 432.
(pdftex.def)             Requested size: 364.19473pt x 273.14581pt.
File: STAT380-Unit3.pdf Graphic file (type pdf)
<use STAT380-Unit3.pdf, page 82>
Package pdftex.def Info: STAT380-Unit3.pdf , page82 used on input line 432.
(pdftex.def)             Requested size: 364.19473pt x 273.14581pt.
File: STAT380-Unit3.pdf Graphic file (type pdf)
<use STAT380-Unit3.pdf, page 82>
Package pdftex.def Info: STAT380-Unit3.pdf , page82 used on input line 432.
(pdftex.def)             Requested size: 364.19473pt x 273.14581pt.
 [31 <./STAT380-Unit3.pdf>]
<STAT380-Unit3.pdf, id=1423, page=83, 364.19562pt x 273.14648pt>
File: STAT380-Unit3.pdf Graphic file (type pdf)
<use STAT380-Unit3.pdf, page 83>
Package pdftex.def Info: STAT380-Unit3.pdf , page83 used on input line 432.
(pdftex.def)             Requested size: 364.19473pt x 273.14581pt.
File: STAT380-Unit3.pdf Graphic file (type pdf)
<use STAT380-Unit3.pdf, page 83>
Package pdftex.def Info: STAT380-Unit3.pdf , page83 used on input line 432.
(pdftex.def)             Requested size: 364.19473pt x 273.14581pt.
File: STAT380-Unit3.pdf Graphic file (type pdf)
<use STAT380-Unit3.pdf, page 83>
Package pdftex.def Info: STAT380-Unit3.pdf , page83 used on input line 432.
(pdftex.def)             Requested size: 364.19473pt x 273.14581pt.
 [32 <./STAT380-Unit3.pdf>]
Overfull \hbox (3.45665pt too wide) in paragraph at lines 441--441
[][] 
 []

[33]
Overfull \hbox (3.45665pt too wide) in paragraph at lines 448--448
[][] 
 []

[34

]
<figs/T0.png, id=1585, 996.72375pt x 632.3625pt>
File: figs/T0.png Graphic file (type png)
<use figs/T0.png>
Package pdftex.def Info: figs/T0.png  used on input line 462.
(pdftex.def)             Requested size: 318.95811pt x 202.36014pt.

Overfull \hbox (4.45271pt too wide) in paragraph at lines 462--462
[][]  
 []

[35

 <./figs/T0.png>]
File: figs/T0.png Graphic file (type png)
<use figs/T0.png>
Package pdftex.def Info: figs/T0.png  used on input line 474.
(pdftex.def)             Requested size: 149.5021pt x 94.85028pt.
<figs/T1.png, id=1619, 793.96625pt x 502.87875pt>
File: figs/T1.png Graphic file (type png)
<use figs/T1.png>
Package pdftex.def Info: figs/T1.png  used on input line 474.
(pdftex.def)             Requested size: 222.30904pt x 140.80508pt.

Overfull \hbox (4.45271pt too wide) in paragraph at lines 474--474
[][]  
 []


Overfull \vbox (7.51837pt too high) detected at line 474
 []

[36

 <./figs/T1.png>]
File: figs/T0.png Graphic file (type png)
<use figs/T0.png>
Package pdftex.def Info: figs/T0.png  used on input line 489.
(pdftex.def)             Requested size: 149.5021pt x 94.85028pt.
<figs/T3.png, id=1654, 794.97pt x 504.88625pt>
File: figs/T3.png Graphic file (type png)
<use figs/T3.png>
Package pdftex.def Info: figs/T3.png  used on input line 489.
(pdftex.def)             Requested size: 222.59007pt x 141.36717pt.

Overfull \hbox (4.45271pt too wide) in paragraph at lines 489--489
[][]  
 []


Overfull \vbox (8.08044pt too high) detected at line 489
 []

[37

 <./figs/T3.png>]
File: figs/T0.png Graphic file (type png)
<use figs/T0.png>
Package pdftex.def Info: figs/T0.png  used on input line 501.
(pdftex.def)             Requested size: 149.5021pt x 94.85028pt.
<figs/T2.png, id=1689, 793.96625pt x 504.88625pt>
File: figs/T2.png Graphic file (type png)
<use figs/T2.png>
Package pdftex.def Info: figs/T2.png  used on input line 501.
(pdftex.def)             Requested size: 222.30904pt x 141.36717pt.

Overfull \hbox (4.45271pt too wide) in paragraph at lines 501--501
[][]  
 []


Overfull \vbox (8.08044pt too high) detected at line 501
 []

[38

 <./figs/T2.png>]
LaTeX Font Info:    Font shape `T1/phv/m/it' in size <14.4> not available
(Font)              Font shape `T1/phv/m/sl' tried instead on input line 503.
LaTeX Font Info:    Font shape `T1/phv/m/it' in size <10> not available
(Font)              Font shape `T1/phv/m/sl' tried instead on input line 503.
LaTeX Font Info:    Font shape `T1/phv/m/it' in size <7> not available
(Font)              Font shape `T1/phv/m/sl' tried instead on input line 503.
LaTeX Font Info:    Font shape `T1/phv/bx/it' in size <14.4> not available
(Font)              Font shape `T1/phv/b/it' tried instead on input line 503.
LaTeX Font Info:    Font shape `T1/phv/b/it' in size <14.4> not available
(Font)              Font shape `T1/phv/b/sl' tried instead on input line 503.
LaTeX Font Info:    Font shape `T1/phv/bx/it' in size <10> not available
(Font)              Font shape `T1/phv/b/it' tried instead on input line 503.
LaTeX Font Info:    Font shape `T1/phv/b/it' in size <10> not available
(Font)              Font shape `T1/phv/b/sl' tried instead on input line 503.
LaTeX Font Info:    Font shape `T1/phv/bx/it' in size <7> not available
(Font)              Font shape `T1/phv/b/it' tried instead on input line 503.
LaTeX Font Info:    Font shape `T1/phv/b/it' in size <7> not available
(Font)              Font shape `T1/phv/b/sl' tried instead on input line 503.

Overfull \hbox (3.45665pt too wide) in paragraph at lines 503--503
[][] 
 []

[39

]
<figs/T11_Q.png, id=1760, 794.97pt x 504.88625pt>
File: figs/T11_Q.png Graphic file (type png)
<use figs/T11_Q.png>
Package pdftex.def Info: figs/T11_Q.png  used on input line 512.
(pdftex.def)             Requested size: 317.98236pt x 201.95091pt.

Overfull \hbox (4.45271pt too wide) in paragraph at lines 512--512
[][]  
 []

[40

 <./figs/T11_Q.png>]
<figs/T11_A.png, id=1794, 794.97pt x 503.8825pt>
File: figs/T11_A.png Graphic file (type png)
<use figs/T11_A.png>
Package pdftex.def Info: figs/T11_A.png  used on input line 521.
(pdftex.def)             Requested size: 317.98236pt x 201.54942pt.

Overfull \hbox (4.45271pt too wide) in paragraph at lines 521--521
[][]  
 []

[41

 <./figs/T11_A.png>]
<figs/T12_Q.png, id=1828, 793.96625pt x 503.8825pt>
File: figs/T12_Q.png Graphic file (type png)
<use figs/T12_Q.png>
Package pdftex.def Info: figs/T12_Q.png  used on input line 534.
(pdftex.def)             Requested size: 317.58087pt x 201.54942pt.

Overfull \hbox (4.45271pt too wide) in paragraph at lines 534--534
[][]  
 []

[42

 <./figs/T12_Q.png>]
<figs/T12_A.png, id=1862, 793.96625pt x 503.8825pt>
File: figs/T12_A.png Graphic file (type png)
<use figs/T12_A.png>
Package pdftex.def Info: figs/T12_A.png  used on input line 543.
(pdftex.def)             Requested size: 317.58087pt x 201.54942pt.

Overfull \hbox (4.45271pt too wide) in paragraph at lines 543--543
[][]  
 []

[43

 <./figs/T12_A.png>]
<figs/T13_Q.png, id=1898, 795.97375pt x 505.89pt>
File: figs/T13_Q.png Graphic file (type png)
<use figs/T13_Q.png>
Package pdftex.def Info: figs/T13_Q.png  used on input line 555.
(pdftex.def)             Requested size: 318.38387pt x 202.3524pt.

Overfull \hbox (4.45271pt too wide) in paragraph at lines 555--555
[][]  
 []

[44

 <./figs/T13_Q.png>]
<figs/T13_A.png, id=1932, 793.96625pt x 502.87875pt>
File: figs/T13_A.png Graphic file (type png)
<use figs/T13_A.png>
Package pdftex.def Info: figs/T13_A.png  used on input line 564.
(pdftex.def)             Requested size: 317.58087pt x 201.14793pt.

Overfull \hbox (4.45271pt too wide) in paragraph at lines 564--564
[][]  
 []

[45

 <./figs/T13_A.png>]
<figs/T14_Q.png, id=1966, 797.98125pt x 505.89pt>
File: figs/T14_Q.png Graphic file (type png)
<use figs/T14_Q.png>
Package pdftex.def Info: figs/T14_Q.png  used on input line 574.
(pdftex.def)             Requested size: 319.18684pt x 202.3524pt.

Overfull \hbox (4.45271pt too wide) in paragraph at lines 574--574
[][]  
 []

[46

 <./figs/T14_Q.png>]
<figs/T14_A.png, id=2001, 794.97pt x 504.88625pt>
File: figs/T14_A.png Graphic file (type png)
<use figs/T14_A.png>
Package pdftex.def Info: figs/T14_A.png  used on input line 583.
(pdftex.def)             Requested size: 317.98236pt x 201.95091pt.

Overfull \hbox (4.45271pt too wide) in paragraph at lines 583--583
[][]  
 []

[47

 <./figs/T14_A.png>]
Overfull \hbox (3.45665pt too wide) in paragraph at lines 588--588
[][] 
 []

[48

]
File: STAT380-Unit3.pdf Graphic file (type pdf)
<use STAT380-Unit3.pdf>
Package pdftex.def Info: STAT380-Unit3.pdf  used on input line 593.
(pdftex.def)             Requested size: 364.19473pt x 273.14581pt.
File: STAT380-Unit3.pdf Graphic file (type pdf)
<use STAT380-Unit3.pdf>
Package pdftex.def Info: STAT380-Unit3.pdf  used on input line 593.
(pdftex.def)             Requested size: 364.19473pt x 273.14581pt.
<STAT380-Unit3.pdf, id=2073, page=84, 364.19562pt x 273.14648pt>
File: STAT380-Unit3.pdf Graphic file (type pdf)
<use STAT380-Unit3.pdf, page 84>
Package pdftex.def Info: STAT380-Unit3.pdf , page84 used on input line 593.
(pdftex.def)             Requested size: 364.19473pt x 273.14581pt.
File: STAT380-Unit3.pdf Graphic file (type pdf)
<use STAT380-Unit3.pdf, page 84>
Package pdftex.def Info: STAT380-Unit3.pdf , page84 used on input line 593.
(pdftex.def)             Requested size: 364.19473pt x 273.14581pt.
File: STAT380-Unit3.pdf Graphic file (type pdf)
<use STAT380-Unit3.pdf, page 84>
Package pdftex.def Info: STAT380-Unit3.pdf , page84 used on input line 593.
(pdftex.def)             Requested size: 364.19473pt x 273.14581pt.
File: STAT380-Unit3.pdf Graphic file (type pdf)
<use STAT380-Unit3.pdf, page 84>
Package pdftex.def Info: STAT380-Unit3.pdf , page84 used on input line 593.
(pdftex.def)             Requested size: 364.19473pt x 273.14581pt.
File: STAT380-Unit3.pdf Graphic file (type pdf)
<use STAT380-Unit3.pdf, page 84>
Package pdftex.def Info: STAT380-Unit3.pdf , page84 used on input line 593.
(pdftex.def)             Requested size: 364.19473pt x 273.14581pt.
 [49

 <./STAT380-Unit3.pdf>]
Overfull \hbox (42.66049pt too wide) detected at line 613
[] \OT1/cmss/m/n/10.95 = [][][]
 []

[50]
File: STAT380-Unit3.pdf Graphic file (type pdf)
<use STAT380-Unit3.pdf>
Package pdftex.def Info: STAT380-Unit3.pdf  used on input line 617.
(pdftex.def)             Requested size: 364.19473pt x 273.14581pt.
File: STAT380-Unit3.pdf Graphic file (type pdf)
<use STAT380-Unit3.pdf>
Package pdftex.def Info: STAT380-Unit3.pdf  used on input line 617.
(pdftex.def)             Requested size: 364.19473pt x 273.14581pt.
<STAT380-Unit3.pdf, id=2144, page=85, 364.19562pt x 273.14648pt>
File: STAT380-Unit3.pdf Graphic file (type pdf)
<use STAT380-Unit3.pdf, page 85>
Package pdftex.def Info: STAT380-Unit3.pdf , page85 used on input line 617.
(pdftex.def)             Requested size: 364.19473pt x 273.14581pt.
File: STAT380-Unit3.pdf Graphic file (type pdf)
<use STAT380-Unit3.pdf, page 85>
Package pdftex.def Info: STAT380-Unit3.pdf , page85 used on input line 617.
(pdftex.def)             Requested size: 364.19473pt x 273.14581pt.
File: STAT380-Unit3.pdf Graphic file (type pdf)
<use STAT380-Unit3.pdf, page 85>
Package pdftex.def Info: STAT380-Unit3.pdf , page85 used on input line 617.
(pdftex.def)             Requested size: 364.19473pt x 273.14581pt.
File: STAT380-Unit3.pdf Graphic file (type pdf)
<use STAT380-Unit3.pdf, page 85>
Package pdftex.def Info: STAT380-Unit3.pdf , page85 used on input line 617.
(pdftex.def)             Requested size: 364.19473pt x 273.14581pt.
File: STAT380-Unit3.pdf Graphic file (type pdf)
<use STAT380-Unit3.pdf, page 85>
Package pdftex.def Info: STAT380-Unit3.pdf , page85 used on input line 617.
(pdftex.def)             Requested size: 364.19473pt x 273.14581pt.
 [51

 <./STAT380-Unit3.pdf>]
<STAT380-Unit3.pdf, id=2170, page=86, 364.19562pt x 273.14648pt>
File: STAT380-Unit3.pdf Graphic file (type pdf)
<use STAT380-Unit3.pdf, page 86>
Package pdftex.def Info: STAT380-Unit3.pdf , page86 used on input line 617.
(pdftex.def)             Requested size: 364.19473pt x 273.14581pt.
File: STAT380-Unit3.pdf Graphic file (type pdf)
<use STAT380-Unit3.pdf, page 86>
Package pdftex.def Info: STAT380-Unit3.pdf , page86 used on input line 617.
(pdftex.def)             Requested size: 364.19473pt x 273.14581pt.
File: STAT380-Unit3.pdf Graphic file (type pdf)
<use STAT380-Unit3.pdf, page 86>
Package pdftex.def Info: STAT380-Unit3.pdf , page86 used on input line 617.
(pdftex.def)             Requested size: 364.19473pt x 273.14581pt.
 [52 <./STAT380-Unit3.pdf>]
<STAT380-Unit3.pdf, id=2241, page=87, 364.19562pt x 273.14648pt>
File: STAT380-Unit3.pdf Graphic file (type pdf)
<use STAT380-Unit3.pdf, page 87>
Package pdftex.def Info: STAT380-Unit3.pdf , page87 used on input line 617.
(pdftex.def)             Requested size: 364.19473pt x 273.14581pt.
File: STAT380-Unit3.pdf Graphic file (type pdf)
<use STAT380-Unit3.pdf, page 87>
Package pdftex.def Info: STAT380-Unit3.pdf , page87 used on input line 617.
(pdftex.def)             Requested size: 364.19473pt x 273.14581pt.
File: STAT380-Unit3.pdf Graphic file (type pdf)
<use STAT380-Unit3.pdf, page 87>
Package pdftex.def Info: STAT380-Unit3.pdf , page87 used on input line 617.
(pdftex.def)             Requested size: 364.19473pt x 273.14581pt.
 [53 <./STAT380-Unit3.pdf>]
<STAT380-Unit3.pdf, id=2267, page=88, 364.19562pt x 273.14648pt>
File: STAT380-Unit3.pdf Graphic file (type pdf)
<use STAT380-Unit3.pdf, page 88>
Package pdftex.def Info: STAT380-Unit3.pdf , page88 used on input line 617.
(pdftex.def)             Requested size: 364.19473pt x 273.14581pt.
File: STAT380-Unit3.pdf Graphic file (type pdf)
<use STAT380-Unit3.pdf, page 88>
Package pdftex.def Info: STAT380-Unit3.pdf , page88 used on input line 617.
(pdftex.def)             Requested size: 364.19473pt x 273.14581pt.
File: STAT380-Unit3.pdf Graphic file (type pdf)
<use STAT380-Unit3.pdf, page 88>
Package pdftex.def Info: STAT380-Unit3.pdf , page88 used on input line 617.
(pdftex.def)             Requested size: 364.19473pt x 273.14581pt.
 [54 <./STAT380-Unit3.pdf>]
<STAT380-Unit3.pdf, id=2312, page=89, 364.19562pt x 273.14648pt>
File: STAT380-Unit3.pdf Graphic file (type pdf)
<use STAT380-Unit3.pdf, page 89>
Package pdftex.def Info: STAT380-Unit3.pdf , page89 used on input line 617.
(pdftex.def)             Requested size: 364.19473pt x 273.14581pt.
File: STAT380-Unit3.pdf Graphic file (type pdf)
<use STAT380-Unit3.pdf, page 89>
Package pdftex.def Info: STAT380-Unit3.pdf , page89 used on input line 617.
(pdftex.def)             Requested size: 364.19473pt x 273.14581pt.
File: STAT380-Unit3.pdf Graphic file (type pdf)
<use STAT380-Unit3.pdf, page 89>
Package pdftex.def Info: STAT380-Unit3.pdf , page89 used on input line 617.
(pdftex.def)             Requested size: 364.19473pt x 273.14581pt.
 [55 <./STAT380-Unit3.pdf>]
<STAT380-Unit3.pdf, id=2339, page=90, 364.19562pt x 273.14648pt>
File: STAT380-Unit3.pdf Graphic file (type pdf)
<use STAT380-Unit3.pdf, page 90>
Package pdftex.def Info: STAT380-Unit3.pdf , page90 used on input line 617.
(pdftex.def)             Requested size: 364.19473pt x 273.14581pt.
File: STAT380-Unit3.pdf Graphic file (type pdf)
<use STAT380-Unit3.pdf, page 90>
Package pdftex.def Info: STAT380-Unit3.pdf , page90 used on input line 617.
(pdftex.def)             Requested size: 364.19473pt x 273.14581pt.
File: STAT380-Unit3.pdf Graphic file (type pdf)
<use STAT380-Unit3.pdf, page 90>
Package pdftex.def Info: STAT380-Unit3.pdf , page90 used on input line 617.
(pdftex.def)             Requested size: 364.19473pt x 273.14581pt.
 [56 <./STAT380-Unit3.pdf>]
<STAT380-Unit3.pdf, id=2365, page=91, 364.19562pt x 273.14648pt>
File: STAT380-Unit3.pdf Graphic file (type pdf)
<use STAT380-Unit3.pdf, page 91>
Package pdftex.def Info: STAT380-Unit3.pdf , page91 used on input line 617.
(pdftex.def)             Requested size: 364.19473pt x 273.14581pt.
File: STAT380-Unit3.pdf Graphic file (type pdf)
<use STAT380-Unit3.pdf, page 91>
Package pdftex.def Info: STAT380-Unit3.pdf , page91 used on input line 617.
(pdftex.def)             Requested size: 364.19473pt x 273.14581pt.
File: STAT380-Unit3.pdf Graphic file (type pdf)
<use STAT380-Unit3.pdf, page 91>
Package pdftex.def Info: STAT380-Unit3.pdf , page91 used on input line 617.
(pdftex.def)             Requested size: 364.19473pt x 273.14581pt.
 [57 <./STAT380-Unit3.pdf>]
<STAT380-Unit3.pdf, id=2399, page=92, 364.19562pt x 273.14648pt>
File: STAT380-Unit3.pdf Graphic file (type pdf)
<use STAT380-Unit3.pdf, page 92>
Package pdftex.def Info: STAT380-Unit3.pdf , page92 used on input line 617.
(pdftex.def)             Requested size: 364.19473pt x 273.14581pt.
File: STAT380-Unit3.pdf Graphic file (type pdf)
<use STAT380-Unit3.pdf, page 92>
Package pdftex.def Info: STAT380-Unit3.pdf , page92 used on input line 617.
(pdftex.def)             Requested size: 364.19473pt x 273.14581pt.
File: STAT380-Unit3.pdf Graphic file (type pdf)
<use STAT380-Unit3.pdf, page 92>
Package pdftex.def Info: STAT380-Unit3.pdf , page92 used on input line 617.
(pdftex.def)             Requested size: 364.19473pt x 273.14581pt.
 [58 <./STAT380-Unit3.pdf>]
(./STAT380_Classification_TreeBasedMethod.toc) [59]
Overfull \hbox (3.45665pt too wide) in paragraph at lines 625--625
[][] 
 []

[60

]
File: STAT380-Unit3.pdf Graphic file (type pdf)
<use STAT380-Unit3.pdf>
Package pdftex.def Info: STAT380-Unit3.pdf  used on input line 628.
(pdftex.def)             Requested size: 364.19473pt x 273.14581pt.
File: STAT380-Unit3.pdf Graphic file (type pdf)
<use STAT380-Unit3.pdf>
Package pdftex.def Info: STAT380-Unit3.pdf  used on input line 628.
(pdftex.def)             Requested size: 364.19473pt x 273.14581pt.
<STAT380-Unit3.pdf, id=2502, page=93, 364.19562pt x 273.14648pt>
File: STAT380-Unit3.pdf Graphic file (type pdf)
<use STAT380-Unit3.pdf, page 93>
Package pdftex.def Info: STAT380-Unit3.pdf , page93 used on input line 628.
(pdftex.def)             Requested size: 364.19473pt x 273.14581pt.
File: STAT380-Unit3.pdf Graphic file (type pdf)
<use STAT380-Unit3.pdf, page 93>
Package pdftex.def Info: STAT380-Unit3.pdf , page93 used on input line 628.
(pdftex.def)             Requested size: 364.19473pt x 273.14581pt.
File: STAT380-Unit3.pdf Graphic file (type pdf)
<use STAT380-Unit3.pdf, page 93>
Package pdftex.def Info: STAT380-Unit3.pdf , page93 used on input line 628.
(pdftex.def)             Requested size: 364.19473pt x 273.14581pt.
File: STAT380-Unit3.pdf Graphic file (type pdf)
<use STAT380-Unit3.pdf, page 93>
Package pdftex.def Info: STAT380-Unit3.pdf , page93 used on input line 628.
(pdftex.def)             Requested size: 364.19473pt x 273.14581pt.
File: STAT380-Unit3.pdf Graphic file (type pdf)
<use STAT380-Unit3.pdf, page 93>
Package pdftex.def Info: STAT380-Unit3.pdf , page93 used on input line 628.
(pdftex.def)             Requested size: 364.19473pt x 273.14581pt.
 [61

 <./STAT380-Unit3.pdf>]
<STAT380-Unit3.pdf, id=2529, page=94, 364.19562pt x 273.14648pt>
File: STAT380-Unit3.pdf Graphic file (type pdf)
<use STAT380-Unit3.pdf, page 94>
Package pdftex.def Info: STAT380-Unit3.pdf , page94 used on input line 628.
(pdftex.def)             Requested size: 364.19473pt x 273.14581pt.
File: STAT380-Unit3.pdf Graphic file (type pdf)
<use STAT380-Unit3.pdf, page 94>
Package pdftex.def Info: STAT380-Unit3.pdf , page94 used on input line 628.
(pdftex.def)             Requested size: 364.19473pt x 273.14581pt.
File: STAT380-Unit3.pdf Graphic file (type pdf)
<use STAT380-Unit3.pdf, page 94>
Package pdftex.def Info: STAT380-Unit3.pdf , page94 used on input line 628.
(pdftex.def)             Requested size: 364.19473pt x 273.14581pt.
 [62 <./STAT380-Unit3.pdf>]
<figs/Lemon Orange.png, id=2555, 798.985pt x 572.63937pt>
File: figs/Lemon Orange.png Graphic file (type png)
<use figs/Lemon Orange.png>
Package pdftex.def Info: figs/Lemon Orange.png  used on input line 641.
(pdftex.def)             Requested size: 239.69734pt x 171.79314pt.

Overfull \vbox (23.52863pt too high) detected at line 641
 []

[63 <./figs/Lemon Orange.png>]
<figs/Lemon_Orange_mock_Data.png, id=2587, 1182.4175pt x 745.28438pt>
File: figs/Lemon_Orange_mock_Data.png Graphic file (type png)
<use figs/Lemon_Orange_mock_Data.png>
Package pdftex.def Info: figs/Lemon_Orange_mock_Data.png  used on input line 66
3.
(pdftex.def)             Requested size: 295.60365pt x 186.32063pt.

Overfull \vbox (38.05612pt too high) detected at line 663
 []

[64

 <./figs/Lemon_Orange_mock_Data.png>]
<figs/Tree_Structure_Lemon_Orange.png, id=2620, 1133.73563pt x 875.77188pt>
File: figs/Tree_Structure_Lemon_Orange.png Graphic file (type png)
<use figs/Tree_Structure_Lemon_Orange.png>
Package pdftex.def Info: figs/Tree_Structure_Lemon_Orange.png  used on input li
ne 681.
(pdftex.def)             Requested size: 260.75371pt x 201.4233pt.

Overfull \vbox (53.15878pt too high) detected at line 681
 []

[65

 <./figs/Tree_Structure_Lemon_Orange.png>]
<figs/Lemon_Orange_T1_W.png, id=2652, 1133.23375pt x 873.2625pt>
File: figs/Lemon_Orange_T1_W.png Graphic file (type png)
<use figs/Lemon_Orange_T1_W.png>
Package pdftex.def Info: figs/Lemon_Orange_T1_W.png  used on input line 698.
(pdftex.def)             Requested size: 260.63828pt x 200.84615pt.

Overfull \vbox (52.58163pt too high) detected at line 698
 []

[66

 <./figs/Lemon_Orange_T1_W.png>]
<figs/Three_Fruits.png, id=2684, 1174.88937pt x 889.82437pt>
File: figs/Three_Fruits.png Graphic file (type png)
<use figs/Three_Fruits.png>
Package pdftex.def Info: figs/Three_Fruits.png  used on input line 713.
(pdftex.def)             Requested size: 270.21887pt x 204.6553pt.

Overfull \vbox (56.3908pt too high) detected at line 713
 []

[67

 <./figs/Three_Fruits.png>]
<figs/Lemon_Orange_T2_H.png, id=2716, 1169.87062pt x 881.2925pt>
File: figs/Lemon_Orange_T2_H.png Graphic file (type png)
<use figs/Lemon_Orange_T2_H.png>
Package pdftex.def Info: figs/Lemon_Orange_T2_H.png  used on input line 727.
(pdftex.def)             Requested size: 292.46693pt x 220.32259pt.

Overfull \vbox (72.05807pt too high) detected at line 727
 []

[68

 <./figs/Lemon_Orange_T2_H.png>]
<figs/Impurity.png, id=2748, 641.39626pt x 526.96875pt>
File: figs/Impurity.png Graphic file (type png)
<use figs/Impurity.png>
Package pdftex.def Info: figs/Impurity.png  used on input line 745.
(pdftex.def)             Requested size: 269.38458pt x 221.32536pt.

Overfull \vbox (73.06085pt too high) detected at line 745
 []

[69

 <./figs/Impurity.png>]
<figs/Three_Fruits1.png, id=2781, 410.03188pt x 340.27126pt>
File: figs/Three_Fruits1.png Graphic file (type png)
<use figs/Three_Fruits1.png>
Package pdftex.def Info: figs/Three_Fruits1.png  used on input line 775.
(pdftex.def)             Requested size: 82.00491pt x 68.05304pt.

Overfull \vbox (47.81642pt too high) detected at line 775
 []

[70

 <./figs/Three_Fruits1.png>] [71

] [72

]
File: figs/Lemon_Orange_T2_H.png Graphic file (type png)
<use figs/Lemon_Orange_T2_H.png>
Package pdftex.def Info: figs/Lemon_Orange_T2_H.png  used on input line 842.
(pdftex.def)             Requested size: 292.46693pt x 220.32259pt.

Overfull \vbox (72.05807pt too high) detected at line 842
 []

[73

]
Overfull \vbox (21.76938pt too high) detected at line 852
 []

[74

]
Overfull \vbox (25.4188pt too high) detected at line 865
 []

[75

]
Overfull \vbox (11.46292pt too high) detected at line 877
 []

[76

]
File: STAT380-Unit3.pdf Graphic file (type pdf)
<use STAT380-Unit3.pdf>
Package pdftex.def Info: STAT380-Unit3.pdf  used on input line 885.
(pdftex.def)             Requested size: 364.19473pt x 273.14581pt.
File: STAT380-Unit3.pdf Graphic file (type pdf)
<use STAT380-Unit3.pdf>
Package pdftex.def Info: STAT380-Unit3.pdf  used on input line 885.
(pdftex.def)             Requested size: 364.19473pt x 273.14581pt.
<STAT380-Unit3.pdf, id=3145, page=95, 364.19562pt x 273.14648pt>
File: STAT380-Unit3.pdf Graphic file (type pdf)
<use STAT380-Unit3.pdf, page 95>
Package pdftex.def Info: STAT380-Unit3.pdf , page95 used on input line 885.
(pdftex.def)             Requested size: 364.19473pt x 273.14581pt.
File: STAT380-Unit3.pdf Graphic file (type pdf)
<use STAT380-Unit3.pdf, page 95>
Package pdftex.def Info: STAT380-Unit3.pdf , page95 used on input line 885.
(pdftex.def)             Requested size: 364.19473pt x 273.14581pt.
File: STAT380-Unit3.pdf Graphic file (type pdf)
<use STAT380-Unit3.pdf, page 95>
Package pdftex.def Info: STAT380-Unit3.pdf , page95 used on input line 885.
(pdftex.def)             Requested size: 364.19473pt x 273.14581pt.
File: STAT380-Unit3.pdf Graphic file (type pdf)
<use STAT380-Unit3.pdf, page 95>
Package pdftex.def Info: STAT380-Unit3.pdf , page95 used on input line 885.
(pdftex.def)             Requested size: 364.19473pt x 273.14581pt.
File: STAT380-Unit3.pdf Graphic file (type pdf)
<use STAT380-Unit3.pdf, page 95>
Package pdftex.def Info: STAT380-Unit3.pdf , page95 used on input line 885.
(pdftex.def)             Requested size: 364.19473pt x 273.14581pt.
 [77

 <./STAT380-Unit3.pdf>]
<STAT380-Unit3.pdf, id=3170, page=96, 364.19562pt x 273.14648pt>
File: STAT380-Unit3.pdf Graphic file (type pdf)
<use STAT380-Unit3.pdf, page 96>
Package pdftex.def Info: STAT380-Unit3.pdf , page96 used on input line 885.
(pdftex.def)             Requested size: 364.19473pt x 273.14581pt.
File: STAT380-Unit3.pdf Graphic file (type pdf)
<use STAT380-Unit3.pdf, page 96>
Package pdftex.def Info: STAT380-Unit3.pdf , page96 used on input line 885.
(pdftex.def)             Requested size: 364.19473pt x 273.14581pt.
File: STAT380-Unit3.pdf Graphic file (type pdf)
<use STAT380-Unit3.pdf, page 96>
Package pdftex.def Info: STAT380-Unit3.pdf , page96 used on input line 885.
(pdftex.def)             Requested size: 364.19473pt x 273.14581pt.
 [78 <./STAT380-Unit3.pdf>]
<figs/Decission_Tree1.png, id=3195, 717.68124pt x 463.7325pt>
File: figs/Decission_Tree1.png Graphic file (type png)
<use figs/Decission_Tree1.png>
Package pdftex.def Info: figs/Decission_Tree1.png  used on input line 900.
(pdftex.def)             Requested size: 215.30603pt x 139.12082pt.

Overfull \hbox (4.45271pt too wide) in paragraph at lines 900--900
[][]  
 []

[79 <./figs/Decission_Tree1.png>]
<figs/Decission_Tree2.png, id=3233, 964.60374pt x 617.30624pt>
File: figs/Decission_Tree2.png Graphic file (type png)
<use figs/Decission_Tree2.png>
Package pdftex.def Info: figs/Decission_Tree2.png  used on input line 915.
(pdftex.def)             Requested size: 221.85419pt x 141.97745pt.

Overfull \hbox (4.45271pt too wide) in paragraph at lines 915--915
[][]  
 []

[80

 <./figs/Decission_Tree2.png>]
File: figs/RegressionTreeDiagram.png Graphic file (type png)
<use figs/RegressionTreeDiagram.png>
Package pdftex.def Info: figs/RegressionTreeDiagram.png  used on input line 939
.
(pdftex.def)             Requested size: 254.3956pt x 158.67604pt.

Overfull \vbox (11.22989pt too high) detected at line 939
 []

[81

]
File: figs/R1_R2.png Graphic file (type png)
<use figs/R1_R2.png>
Package pdftex.def Info: figs/R1_R2.png  used on input line 959.
(pdftex.def)             Requested size: 277.9405pt x 136.71179pt.
File: figs/Decission_Tree1.png Graphic file (type png)
<use figs/Decission_Tree1.png>
Package pdftex.def Info: figs/Decission_Tree1.png  used on input line 959.
(pdftex.def)             Requested size: 157.89035pt x 102.02145pt.
 [82

]
Overfull \hbox (4.45271pt too wide) in paragraph at lines 987--987
[][] 
 []


Overfull \hbox (4.45271pt too wide) in paragraph at lines 987--987
[][] 
 []


Overfull \vbox (24.04214pt too high) detected at line 987
 []

[83

]
<figs/R1_R2_table1_impurity.png, id=3392, 841.1425pt x 442.65375pt>
File: figs/R1_R2_table1_impurity.png Graphic file (type png)
<use figs/R1_R2_table1_impurity.png>
Package pdftex.def Info: figs/R1_R2_table1_impurity.png  used on input line 102
7.
(pdftex.def)             Requested size: 294.40428pt x 154.93112pt.

Overfull \hbox (4.45271pt too wide) in paragraph at lines 1027--1027
[][]  
 []


Overfull \vbox (58.41867pt too high) detected at line 1027
 []

[84

 <./figs/R1_R2_table1_impurity.png>]
File: figs/Decission_Tree1.png Graphic file (type png)
<use figs/Decission_Tree1.png>
Package pdftex.def Info: figs/Decission_Tree1.png  used on input line 1049.
(pdftex.def)             Requested size: 143.5337pt x 92.74484pt.
File: figs/Decission_Tree2.png Graphic file (type png)
<use figs/Decission_Tree2.png>
Package pdftex.def Info: figs/Decission_Tree2.png  used on input line 1049.
(pdftex.def)             Requested size: 144.68431pt x 92.59193pt.
 [85

]
<figs/1_tree_class.png, id=3480, 1199.98312pt x 898.35625pt>
File: figs/1_tree_class.png Graphic file (type png)
<use figs/1_tree_class.png>
Package pdftex.def Info: figs/1_tree_class.png  used on input line 1071.
(pdftex.def)             Requested size: 335.99298pt x 251.53802pt.

Overfull \hbox (4.45271pt too wide) in paragraph at lines 1071--1071
[][]  
 []


Overfull \vbox (73.05717pt too high) detected at line 1071
 []

[86

 <./figs/1_tree_class.png>]
<figs/2_tree_class.png, id=3517, 1189.44376pt x 897.85437pt>
File: figs/2_tree_class.png Graphic file (type png)
<use figs/2_tree_class.png>
Package pdftex.def Info: figs/2_tree_class.png  used on input line 1085.
(pdftex.def)             Requested size: 333.04198pt x 251.3975pt.

Overfull \hbox (4.45271pt too wide) in paragraph at lines 1085--1085
[][]  
 []


Overfull \vbox (29.5542pt too high) detected at line 1085
 []

[87

 <./figs/2_tree_class.png>]
<figs/3_tree_class.png, id=3553, 1191.95313pt x 896.34875pt>
File: figs/3_tree_class.png Graphic file (type png)
<use figs/3_tree_class.png>
Package pdftex.def Info: figs/3_tree_class.png  used on input line 1098.
(pdftex.def)             Requested size: 297.98755pt x 224.08664pt.

Overfull \hbox (4.45271pt too wide) in paragraph at lines 1098--1098
[][]  
 []


Overfull \vbox (2.24335pt too high) detected at line 1098
 []

[88

 <./figs/3_tree_class.png>]
<figs/4_tree_class.png, id=3590, 1445.4pt x 903.375pt>
File: figs/4_tree_class.png Graphic file (type png)
<use figs/4_tree_class.png>
Package pdftex.def Info: figs/4_tree_class.png  used on input line 1110.
(pdftex.def)             Requested size: 361.34912pt x 225.8432pt.

Overfull \hbox (21.68034pt too wide) in paragraph at lines 1110--1110
 [] 
 []


Overfull \hbox (4.45271pt too wide) in paragraph at lines 1110--1110
[][]  
 []


Overfull \vbox (4.99991pt too high) detected at line 1110
 []

[89

 <./figs/4_tree_class.png>]
File: STAT380-Unit3.pdf Graphic file (type pdf)
<use STAT380-Unit3.pdf>
Package pdftex.def Info: STAT380-Unit3.pdf  used on input line 1117.
(pdftex.def)             Requested size: 364.19473pt x 273.14581pt.
File: STAT380-Unit3.pdf Graphic file (type pdf)
<use STAT380-Unit3.pdf>
Package pdftex.def Info: STAT380-Unit3.pdf  used on input line 1117.
(pdftex.def)             Requested size: 364.19473pt x 273.14581pt.
<STAT380-Unit3.pdf, id=3628, page=97, 364.19562pt x 273.14648pt>
File: STAT380-Unit3.pdf Graphic file (type pdf)
<use STAT380-Unit3.pdf, page 97>
Package pdftex.def Info: STAT380-Unit3.pdf , page97 used on input line 1117.
(pdftex.def)             Requested size: 364.19473pt x 273.14581pt.
File: STAT380-Unit3.pdf Graphic file (type pdf)
<use STAT380-Unit3.pdf, page 97>
Package pdftex.def Info: STAT380-Unit3.pdf , page97 used on input line 1117.
(pdftex.def)             Requested size: 364.19473pt x 273.14581pt.
File: STAT380-Unit3.pdf Graphic file (type pdf)
<use STAT380-Unit3.pdf, page 97>
Package pdftex.def Info: STAT380-Unit3.pdf , page97 used on input line 1117.
(pdftex.def)             Requested size: 364.19473pt x 273.14581pt.
File: STAT380-Unit3.pdf Graphic file (type pdf)
<use STAT380-Unit3.pdf, page 97>
Package pdftex.def Info: STAT380-Unit3.pdf , page97 used on input line 1117.
(pdftex.def)             Requested size: 364.19473pt x 273.14581pt.
File: STAT380-Unit3.pdf Graphic file (type pdf)
<use STAT380-Unit3.pdf, page 97>
Package pdftex.def Info: STAT380-Unit3.pdf , page97 used on input line 1117.
(pdftex.def)             Requested size: 364.19473pt x 273.14581pt.
 [90

 <./STAT380-Unit3.pdf>]
<STAT380-Unit3.pdf, id=3654, page=98, 364.19562pt x 273.14648pt>
File: STAT380-Unit3.pdf Graphic file (type pdf)
<use STAT380-Unit3.pdf, page 98>
Package pdftex.def Info: STAT380-Unit3.pdf , page98 used on input line 1117.
(pdftex.def)             Requested size: 364.19473pt x 273.14581pt.
File: STAT380-Unit3.pdf Graphic file (type pdf)
<use STAT380-Unit3.pdf, page 98>
Package pdftex.def Info: STAT380-Unit3.pdf , page98 used on input line 1117.
(pdftex.def)             Requested size: 364.19473pt x 273.14581pt.
File: STAT380-Unit3.pdf Graphic file (type pdf)
<use STAT380-Unit3.pdf, page 98>
Package pdftex.def Info: STAT380-Unit3.pdf , page98 used on input line 1117.
(pdftex.def)             Requested size: 364.19473pt x 273.14581pt.
 [91 <./STAT380-Unit3.pdf>]
<STAT380-Unit3.pdf, id=3681, page=99, 364.19562pt x 273.14648pt>
File: STAT380-Unit3.pdf Graphic file (type pdf)
<use STAT380-Unit3.pdf, page 99>
Package pdftex.def Info: STAT380-Unit3.pdf , page99 used on input line 1117.
(pdftex.def)             Requested size: 364.19473pt x 273.14581pt.
File: STAT380-Unit3.pdf Graphic file (type pdf)
<use STAT380-Unit3.pdf, page 99>
Package pdftex.def Info: STAT380-Unit3.pdf , page99 used on input line 1117.
(pdftex.def)             Requested size: 364.19473pt x 273.14581pt.
File: STAT380-Unit3.pdf Graphic file (type pdf)
<use STAT380-Unit3.pdf, page 99>
Package pdftex.def Info: STAT380-Unit3.pdf , page99 used on input line 1117.
(pdftex.def)             Requested size: 364.19473pt x 273.14581pt.
 [92 <./STAT380-Unit3.pdf>]
<STAT380-Unit3.pdf, id=3715, page=100, 364.19562pt x 273.14648pt>
File: STAT380-Unit3.pdf Graphic file (type pdf)
<use STAT380-Unit3.pdf, page 100>
Package pdftex.def Info: STAT380-Unit3.pdf , page100 used on input line 1117.
(pdftex.def)             Requested size: 364.19473pt x 273.14581pt.
File: STAT380-Unit3.pdf Graphic file (type pdf)
<use STAT380-Unit3.pdf, page 100>
Package pdftex.def Info: STAT380-Unit3.pdf , page100 used on input line 1117.
(pdftex.def)             Requested size: 364.19473pt x 273.14581pt.
File: STAT380-Unit3.pdf Graphic file (type pdf)
<use STAT380-Unit3.pdf, page 100>
Package pdftex.def Info: STAT380-Unit3.pdf , page100 used on input line 1117.
(pdftex.def)             Requested size: 364.19473pt x 273.14581pt.
 [93 <./STAT380-Unit3.pdf>]
<STAT380-Unit3.pdf, id=3741, page=101, 364.19562pt x 273.14648pt>
File: STAT380-Unit3.pdf Graphic file (type pdf)
<use STAT380-Unit3.pdf, page 101>
Package pdftex.def Info: STAT380-Unit3.pdf , page101 used on input line 1117.
(pdftex.def)             Requested size: 364.19473pt x 273.14581pt.
File: STAT380-Unit3.pdf Graphic file (type pdf)
<use STAT380-Unit3.pdf, page 101>
Package pdftex.def Info: STAT380-Unit3.pdf , page101 used on input line 1117.
(pdftex.def)             Requested size: 364.19473pt x 273.14581pt.
File: STAT380-Unit3.pdf Graphic file (type pdf)
<use STAT380-Unit3.pdf, page 101>
Package pdftex.def Info: STAT380-Unit3.pdf , page101 used on input line 1117.
(pdftex.def)             Requested size: 364.19473pt x 273.14581pt.
 [94 <./STAT380-Unit3.pdf>]
Overfull \hbox (3.45665pt too wide) in paragraph at lines 1121--1121
[][] 
 []

[95]
\tf@nav=\write6
\openout6 = `STAT380_Classification_TreeBasedMethod.nav'.

\tf@toc=\write7
\openout7 = `STAT380_Classification_TreeBasedMethod.toc'.

\tf@snm=\write8
\openout8 = `STAT380_Classification_TreeBasedMethod.snm'.

Package atveryend Info: Empty hook `BeforeClearDocument' on input line 1123.
Package atveryend Info: Empty hook `AfterLastShipout' on input line 1123.
 (./STAT380_Classification_TreeBasedMethod.aux)
Package atveryend Info: Executing hook `AtVeryEndDocument' on input line 1123.
Package atveryend Info: Executing hook `AtEndAfterFileList' on input line 1123.



Package rerunfilecheck Warning: File `STAT380_Classification_TreeBasedMethod.ou
t' has changed.
(rerunfilecheck)                Rerun to get outlines right
(rerunfilecheck)                or use package `bookmark'.

Package rerunfilecheck Info: Checksums for `STAT380_Classification_TreeBasedMet
hod.out':
(rerunfilecheck)             Before: C67D31ABD409670D85ACA530B2DD9DB7;258
(rerunfilecheck)             After:  7AB6F1A69E3CC15F5CDAC8F6CAF6741D;378.
 ) 
Here is how much of TeX's memory you used:
 29490 strings out of 480608
 575170 string characters out of 5903631
 971416 words of memory out of 5000000
 44420 multiletter control sequences out of 15000+600000
 614662 words of font info for 131 fonts, out of 8000000 for 9000
 1141 hyphenation exceptions out of 8191
 59i,24n,79p,824b,2526s stack positions out of 5000i,500n,10000p,200000b,80000s
{/usr/local/texlive/2020/texmf-dist/fonts/enc/dvips/base/8r.enc}</usr/local/t
exlive/2020/texmf-dist/fonts/type1/public/amsfonts/cm/cmex10.pfb></usr/local/te
xlive/2020/texmf-dist/fonts/type1/public/amsfonts/cmextra/cmex8.pfb></usr/local
/texlive/2020/texmf-dist/fonts/type1/public/amsfonts/cm/cmmi10.pfb></usr/local/
texlive/2020/texmf-dist/fonts/type1/public/amsfonts/cm/cmmi8.pfb></usr/local/te
xlive/2020/texmf-dist/fonts/type1/public/amsfonts/cm/cmss10.pfb></usr/local/tex
live/2020/texmf-dist/fonts/type1/public/amsfonts/cm/cmss8.pfb></usr/local/texli
ve/2020/texmf-dist/fonts/type1/public/amsfonts/cm/cmssi10.pfb></usr/local/texli
ve/2020/texmf-dist/fonts/type1/public/amsfonts/cm/cmssi8.pfb></usr/local/texliv
e/2020/texmf-dist/fonts/type1/public/amsfonts/cm/cmsy10.pfb></usr/local/texlive
/2020/texmf-dist/fonts/type1/public/amsfonts/cm/cmsy6.pfb></usr/local/texlive/2
020/texmf-dist/fonts/type1/public/amsfonts/cm/cmsy8.pfb></usr/local/texlive/202
0/texmf-dist/fonts/type1/public/amsfonts/symbols/msbm10.pfb></usr/local/texlive
/2020/texmf-dist/fonts/type1/urw/courier/ucrb8a.pfb></usr/local/texlive/2020/te
xmf-dist/fonts/type1/urw/courier/ucrr8a.pfb></usr/local/texlive/2020/texmf-dist
/fonts/type1/urw/courier/ucrro8a.pfb></usr/local/texlive/2020/texmf-dist/fonts/
type1/urw/helvetic/uhvb8a.pfb></usr/local/texlive/2020/texmf-dist/fonts/type1/u
rw/helvetic/uhvr8a.pfb></usr/local/texlive/2020/texmf-dist/fonts/type1/urw/helv
etic/uhvro8a.pfb>
Output written on STAT380_Classification_TreeBasedMethod.pdf (95 pages, 1679267
7 bytes).
PDF statistics:
 3891 PDF objects out of 4296 (max. 8388607)
 3025 compressed objects within 31 object streams
 197 named destinations out of 1000 (max. 500000)
 1969 words of extra memory for PDF output out of 10000 (max. 10000000)

