Country,ZX1,ZX2,ZX3,ZX4
Jordan,-0.59343,-0.62347,1.00573,1.08534
Saudi Arabia,0.32899,0.17599,0.60704,0.07459
Bahrain,1.24499,0.7496,0.73565,1.52021
Kuwait,1.58287,1.51103,1.05718,0.26619
UAE,1.24923,1.7705,0.86426,-0.00829
Morocco,-0.76178,-0.68859,-1.51503,-1.06424
Sudan,-0.84936,-0.80977,-0.93628,-1.34841
Yemen,-0.7986,-0.80059,-1.38642,-1.24077
Egypt,-0.70197,-0.68963,-0.33181,0.94433
Tunisia,-0.70095,-0.59507,-0.10032,-0.22895
