"","Age","Gender","Y","prob....predict.fit..data.frame.Age...Age..Gender...Gender...","y_hat_6","y_hat_65","y_hat_7"
"11",49,1,0,0.671565029495064,1,1,1
"12",40,1,0,0.54727671378667,0,0,0
"13",48,1,0,0.658557412224261,1,1,0
"14",48,1,1,0.658557412224261,1,1,0
"15",49,1,1,0.671565029495064,1,1,1
"16",53,0,1,0.8932996890942,1,1,1
"17",48,1,1,0.658557412224261,1,1,0
"18",45,1,1,0.618142767598817,1,0,0
"19",51,1,0,0.696792794981721,1,1,1
"20",51,1,1,0.696792794981721,1,1,1
